Date,Close,log_returns,log_prices
2022-01-03,12939.17,,9.468014423802948
2022-01-04,12900.97,-0.0029566424816469443,9.4650577813213
2022-01-05,12906.37,0.0004184855997410633,9.465476266921042
2022-01-06,12792.28,-0.008879123966380274,9.456597142954662
2022-01-07,12797.94,0.0004423565012176594,9.45703949945588
2022-01-10,12597.35,-0.01579774609644615,9.441241753359433
2022-01-11,12709.71,0.008879793883982275,9.450121547243416
2022-01-12,12670.47,-0.003092179115068058,9.447029368128348
2022-01-13,12620.44,-0.003956367347738127,9.44307300078061
2022-01-14,12525.63,-0.007540776691318735,9.435532224089291
2022-01-17,12633.21,0.008552115732482045,9.444084339821773
2022-01-18,12529.56,-0.008238408270496649,9.435845931551276
2022-01-19,12525.69,-0.00030891729523952274,9.435537014256036
2022-01-20,12560.7,0.002791156697232505,9.43832817095327
2022-01-21,12355.54,-0.016468346484467496,9.421859824468802
2022-01-24,11881.3,-0.03913880992950205,9.3827210145393
2022-01-25,11945.69,0.005404808307419017,9.38812582284672
2022-01-26,12098.26,0.012691096744772404,9.400816919591492
2022-01-27,12176.9,0.006479073678461961,9.407295993269953
2022-01-28,12104.44,-0.005968386843165717,9.401327606426786
2022-01-31,12226.7,0.010049757553140198,9.411377363979927
2022-02-01,12359.8,0.01082718567106327,9.42220454965099
2022-02-02,12360.37,4.611618772065346e-05,9.422250665838712
2022-02-03,12234.15,-0.010264165199153687,9.411986500639557
2022-02-04,12140.25,-0.007704843157378055,9.40428165748218
2022-02-07,12193.81,0.004402067430698054,9.408683724912878
2022-02-08,12155.66,-0.0031335409942379387,9.40555018391864
2022-02-09,12367.82,0.017303033115723558,9.422853217034364
2022-02-10,12313.16,-0.004429328929751559,9.418423888104611
2022-02-11,12231.97,-0.006615593082108944,9.411808295022503
2022-02-14,12026.37,-0.016951277224062877,9.39485701779844
2022-02-15,12181.86,0.012846221166166757,9.407703238964606
2022-02-16,12191.57,0.0007967693109826319,9.40850000827559
2022-02-17,12075.27,-0.009585169756355177,9.398914838519234
2022-02-18,12010.09,-0.005412429718078849,9.393502408801155
2022-02-21,11891.88,-0.009891315551435815,9.38361109324972
2022-02-22,11959.39,0.005660929609706953,9.389272022859426
2022-02-23,11941.89,-0.0014643569823176133,9.387807665877109
2022-02-24,11636.76,-0.025883333853838734,9.36192433202327
2022-02-25,11987.31,0.029679537199226457,9.391603869222497
2022-02-28,11986.78,-4.421439980288636e-05,9.391559654822693
2022-03-01,11862.28,-0.010440757914210265,9.381118896908482
2022-03-02,11871.59,0.0007845328618989032,9.381903429770382
2022-03-03,11675.7,-0.01663839185719599,9.365265037913186
2022-03-04,11300.13,-0.03269552885415095,9.332569509059034
2022-03-07,11204.67,-0.008483574395585978,9.324085934663449
2022-03-08,11057.06,-0.013261517709072523,9.310824416954377
2022-03-09,11493.36,0.03870033933806632,9.349524756292443
2022-03-10,11391.1,-0.00893712857056102,9.340587627721883
2022-03-11,11495.69,0.009139833772209513,9.34972746149409
2022-03-14,11678.94,0.01581503734512798,9.36554249883922
2022-03-15,11682.22,0.0002808079754216934,9.365823306814642
2022-03-16,11900.96,0.018551041300054555,9.384374348114696
2022-03-17,12061.87,0.013430168189342622,9.397804516304038
2022-03-18,12184.99,0.010155629073766081,9.407960145377805
2022-03-21,12171.28,-0.0011257882629813372,9.406834357114823
2022-03-22,12202.62,0.0025716046485250296,9.409405961763348
2022-03-23,12099.5,-0.008486553346355601,9.400919408416993
2022-03-24,12131.45,0.002637124711673335,9.403556533128667
2022-03-25,12121.67,-0.0008064942184843235,9.402750038910181
2022-03-28,12155.95,0.0028240019229130242,9.405574040833095
2022-03-29,12325.58,0.013858015794093992,9.419432056627189
2022-03-30,12243.73,-0.0066628084221446,9.412769248205045
2022-03-31,12161.53,-0.006736278231435193,9.406032969973609
2022-04-01,12179.08,0.0014420347757279606,9.407475004749337
2022-04-04,12340.87,0.01319679265598088,9.420671797405317
2022-04-05,12376.97,0.0029209692810762454,9.423592766686394
2022-04-06,12320.1,-0.00460541274870801,9.418987353937686
2022-04-07,12372.46,0.004240959906770125,9.423228313844456
2022-04-08,12507.69,0.010870620287992431,9.434098934132448
2022-04-11,12528.61,0.0016711738450825423,9.43577010797753
2022-04-12,12378.87,-0.012023842156893864,9.423746265820638
2022-04-13,12378.68,-1.5348853178489628e-05,9.42373091696746
2022-04-14,12475.08,0.007757416457349908,9.43148833342481
2022-04-19,12281.42,-0.015645503229754044,9.415842830195055
2022-04-20,12310.17,0.002338198798730527,9.418181028993786
2022-04-21,12301.33,-0.0007183633976112375,9.417462665596174
2022-04-22,12258.33,-0.0035016807185435372,9.41396098487763
2022-04-25,12084.98,-0.014242346685561954,9.399718638192068
2022-04-26,11933.28,-0.01263222375511656,9.387086414436952
2022-04-27,12051.48,0.009856338516660469,9.396942752953612
2022-04-28,12068.41,0.0014038208947343585,9.398346573848347
2022-04-29,12128.76,0.004988196978094659,9.403334770826442
2022-05-02,11971.73,-0.013031454730952538,9.390303316095489
2022-05-03,12001.88,0.0025152670703744795,9.392818583165864
2022-05-04,11880.24,-0.010186788433083521,9.382631794732779
2022-05-05,11877.27,-0.00025002620354328307,9.382381768529237
2022-05-06,11730.42,-0.012441021896123112,9.369940746633114
2022-05-09,11444.18,-0.024704163820642663,9.34523658281247
2022-05-10,11541.72,0.008486992937010796,9.353723575749482
2022-05-11,11553.66,0.0010339731204903947,9.354757548869971
2022-05-12,11506.13,-0.004122333057579254,9.350635215812392
2022-05-13,11650.42,0.012462294033759968,9.363097509846153
2022-05-16,11672.23,0.0018702854399096532,9.364967795286063
2022-05-17,11730.44,0.004974656314388198,9.369942451600451
2022-05-18,11579.14,-0.012981969207138892,9.356960482393312
2022-05-19,11309.49,-0.023563007138054495,9.333397475255257
2022-05-20,11308.98,-4.5095888456344825e-05,9.3333523793668
2022-05-23,11466.28,0.013813453827783203,9.347165833194584
2022-05-24,11483.56,0.001505893136118373,9.348671726330702
2022-05-25,11491.8,0.0007172902059678054,9.349389016536671
2022-05-27,11647.17,0.01342949449277364,9.362818511029444
2022-05-30,11736.26,0.007619962603872543,9.370438473633316
2022-05-31,11611.38,-0.010697542955936352,9.35974093067738
2022-06-01,11494.12,-0.010150051434507042,9.349590879242873
2022-06-02,11550.2,0.004867152574462074,9.354458031817336
2022-06-03,11529.16,-0.0018232746340158589,9.352634757183319
2022-06-07,11534.18,0.00043532290459894,9.35307008008792
2022-06-08,11467.39,-0.005807445988737114,9.347262634099181
2022-06-09,11322.43,-0.012721641068139725,9.334540993031041
2022-06-10,11084.62,-0.021227152127535905,9.313313840903506
2022-06-13,10896.25,-0.017139868577719927,9.296173972325786
2022-06-14,10699.07,-0.018261871541043445,9.277912100784743
2022-06-15,10783.59,0.007868712356760715,9.285780813141503
2022-06-16,10475.37,-0.028998746779274484,9.256782066362229
2022-06-17,10451.31,-0.0022994579743611733,9.254482608387868
2022-06-20,10485.91,0.003305121835376202,9.257787730223244
2022-06-21,10479.84,-0.0005790396403276123,9.257208690582916
2022-06-22,10528.34,0.0046172572935422405,9.261825947876458
2022-06-23,10453.31,-0.0071519942255722484,9.254673953650887
2022-06-24,10823.12,0.03476591208163955,9.289439865732525
2022-06-27,10906.82,0.007703694896932322,9.297143560629458
2022-06-28,10809.57,-0.008956428770717681,9.28818713185874
2022-06-29,10811.75,0.00020165281374018662,9.288388784672481
2022-06-30,10741.21,-0.006545760013345521,9.281843024659135
2022-07-01,10770.4,0.002713885005890268,9.284556909665024
2022-07-04,10881.97,0.010305660530877479,9.294862570195903
2022-07-05,10702.5,-0.016629932176801362,9.278232638019102
2022-07-06,10840.6,0.012820985996256312,9.291053624015358
2022-07-07,10940.98,0.009217027473288715,9.300270651488646
2022-07-08,11015.03,0.006745331302871869,9.307015982791517
2022-07-11,11027.16,0.0011006167013785403,9.308116599492896
2022-07-12,11069.83,0.0038620692716339,9.31197866876453
2022-07-13,10904.85,-0.015015745381588381,9.296962923382942
2022-07-14,10799.52,-0.009705955702759048,9.287256967680182
2022-07-15,10982.09,0.01676407535360997,9.304021043033792
2022-07-18,11010.18,0.002554535323134888,9.306575578356927
2022-07-19,11122.08,0.010112022315620426,9.316687600672548
2022-07-20,11059.49,-0.005643438775151096,9.311044161897398
2022-07-21,11134.74,0.006781067723525717,9.317825229620922
2022-07-22,11096.12,-0.0034744529767307885,9.314350776644192
2022-07-25,11129.35,0.0029902652012320547,9.317341041845424
2022-07-26,11102.31,-0.002432568088379003,9.314908473757045
2022-07-27,11056.74,-0.004112998006805326,9.31079547575024
2022-07-28,11129.33,0.006543769043427348,9.317339244793667
2022-07-29,11145.91,0.0014886486576014763,9.31882789345127
2022-08-02,11118.1,-0.002498203554846016,9.316329689896422
2022-08-03,11178.99,0.005461712839107988,9.321791402735531
2022-08-04,11202.66,0.002115126348994873,9.323906529084526
2022-08-05,11123.07,-0.007129920246093664,9.316776608838431
2022-08-08,11166.32,0.003880775048597809,9.32065738388703
2022-08-09,11132.48,-0.003035143234443352,9.317622240652586
2022-08-10,11155.1,0.0020298307637348976,9.319652071416321
2022-08-11,11154.58,-4.661653596956783e-05,9.319605454880351
2022-08-12,11128.24,-0.0023641542918130657,9.317241300588538
2022-08-15,11171.54,0.0038834512643588985,9.321124751852897
2022-08-16,11130.44,-0.003685775570457426,9.31743897628244
2022-08-17,11128.19,-0.0002021687774731949,9.317236807504967
2022-08-18,11167.59,0.003534304788899592,9.320771112293867
2022-08-19,11156.72,-0.0009738263676715359,9.319797285926194
2022-08-22,11085.84,-0.006373388668312294,9.313423897257882
2022-08-23,10933.06,-0.01387739186626263,9.29954650539162
2022-08-24,11012.87,0.007273362472290395,9.306819867863911
2022-08-25,11063.88,0.004621159434880565,9.311441027298791
2022-08-26,10942.16,-0.011062530226636872,9.300378497072154
2022-08-29,10896.74,-0.004159556157837698,9.296218940914317
2022-08-30,10884.95,-0.0010825607334810196,9.295136380180836
2022-08-31,10855.03,-0.002752534168899805,9.292383846011935
2022-09-01,10663.44,-0.017807498660535787,9.2745763473514
2022-09-02,10891.71,0.021180881041891978,9.295757228393292
2022-09-05,10819.54,-0.006648190759775678,9.289109037633516
2022-09-06,10834.18,0.0013521928085038141,9.29046123044202
2022-09-07,10805.16,-0.0026821536513925996,9.287779076790628
2022-09-08,10790.32,-0.001374361888312152,9.286404714902316
2022-09-09,10900.24,0.010135371421142967,9.296540086323459
2022-09-12,10990.75,0.00826920260375514,9.304809288927213
2022-09-13,10891.54,-0.009067668856830446,9.295741620070384
2022-09-14,10754.4,-0.01267136793034029,9.283070252140043
2022-09-15,10746.7,-0.0007162424554256378,9.282354009684617
2022-09-16,10610.65,-0.012740516993614738,9.269613492691002
2022-09-19,10617.01,0.0005992182077821729,9.270212710898784
2022-09-20,10476.54,-0.013318960207898975,9.256893750690885
2022-09-21,10429.4,-0.004509730717023551,9.252384019973862
2022-09-22,10297.65,-0.012713027127329803,9.239670992846532
2022-09-23,10137.78,-0.015646674582346826,9.224024318264185
2022-09-26,10072.62,-0.006448187643439629,9.217576130620746
2022-09-27,10126.43,0.005327985949232821,9.222904116569978
2022-09-28,10220.76,0.009272108415024445,9.232176224985004
2022-09-29,10126.99,-0.009216809112472931,9.22295941587253
2022-09-30,10267.55,0.013784299680925713,9.236743715553455
2022-10-03,10290.71,0.002253109922498449,9.238996825475954
2022-10-04,10590.92,0.028755483755955272,9.26775230923191
2022-10-05,10477.69,-0.010748795500229578,9.25700351373168
2022-10-06,10391.13,-0.008295677130616262,9.248707836601064
2022-10-07,10308.57,-0.007976969500812767,9.24073086710025
2022-10-10,10262.52,-0.0044771644985918515,9.23625370260166
2022-10-11,10207.83,-0.005343350760776674,9.230910351840883
2022-10-12,10199.32,-0.0008340214575078966,9.230076330383374
2022-10-13,10227.9,0.0027982288973878683,9.232874559280763
2022-10-14,10329.34,0.009869109213839378,9.242743668494603
2022-10-17,10498.71,0.016264002960598448,9.259007671455201
2022-10-18,10578.76,0.007595824819936194,9.266603496275136
2022-10-19,10484.14,-0.008984578239198704,9.257618918035938
2022-10-20,10473.45,-0.001020155554823261,9.256598762481115
2022-10-21,10418.6,-0.005250813206226088,9.251347949274889
2022-10-24,10595.53,0.01683954377240825,9.268187493047296
2022-10-25,10773.34,0.01664234973131474,9.284829842778612
2022-10-26,10817.21,0.0040638205487811396,9.288893663327393
2022-10-27,10706.62,-0.010276142599347126,9.278617520728046
2022-10-28,10772.37,0.006122280923988557,9.284739801652034
2022-10-31,10827.93,0.0051443843401675895,9.289884185992202
2022-11-01,10783.65,-0.004097808856418788,9.285786377135784
2022-11-02,10806.23,0.002091721513306499,9.28787809864909
2022-11-03,10710.59,-0.00888984802247457,9.278988250626615
2022-11-04,10787.77,0.007180113420562734,9.286168364047178
2022-11-07,10750.39,-0.0034710520796710958,9.282697311967507
2022-11-08,10827.04,0.007104675804102043,9.28980198777161
2022-11-09,10904.33,0.0071132492700681175,9.296915237041677
2022-11-10,11120.49,0.01962939454027565,9.316544631581952
2022-11-11,11127.15,0.0005987152074507791,9.317143346789402
2022-11-14,10999.59,-0.011530068430813592,9.305613278358589
2022-11-15,11026.22,0.002418073430728914,9.30803135178932
2022-11-16,10936.62,-0.008159281503155114,9.299872070286163
2022-11-17,10917.88,-0.0017149790288591915,9.298157091257304
2022-11-18,11045.49,0.011620387578457162,9.30977747883576
2022-11-21,11085.04,0.003574251688068025,9.313351730523829
2022-11-22,11074.3,-0.0009693430256466597,9.312382387498182
2022-11-23,11094.46,0.0018187761117309758,9.314201163609914
2022-11-24,11157.56,0.00567141042778649,9.3198725740377
2022-11-25,11168.03,0.0009379372072641546,9.320810511244964
2022-11-28,11162.16,-0.0005257456506380395,9.320284765594327
2022-11-29,11077.81,-0.00758547825866768,9.312699287335658
2022-11-30,11127.77,0.004499777470269529,9.317199064805928
2022-12-01,11238.2,0.00987490346884464,9.327073968274773
2022-12-02,11198.13,-0.0035718892173891422,9.323502079057384
2022-12-05,11194.67,-0.00030902790428477507,9.3231930511531
2022-12-06,11109.33,-0.0076524763685078415,9.31554057478459
2022-12-07,11009.95,-0.008985886404244154,9.306554688380347
2022-12-08,11004.53,-0.0004924031918547287,9.306062285188492
2022-12-09,11068.3,0.00577816051903818,9.31184044570753
2022-12-12,11033.64,-0.003136378834813701,9.308704066872716
2022-12-13,11136.62,0.00928998943902951,9.317994056311745
2022-12-14,11160.69,0.002159005669275814,9.320153061981022
2022-12-15,10880.14,-0.025458674006816926,9.294694387974205
2022-12-16,10770.38,-0.010139335252150425,9.284555052722055
2022-12-19,10773.23,0.00026457961470953043,9.284819632336765
2022-12-20,10659.19,-0.01064192249455319,9.274177709842212
2022-12-21,10845.59,0.01733611488964555,9.291513824731856
2022-12-22,10774.64,-0.006563320990910714,9.284950503740946
2022-12-23,10804.68,0.0027841488429243976,9.28773465258387
2022-12-27,10839.22,0.003191664101272769,9.290926316685143
2022-12-28,10812.67,-0.0024524430252535327,9.288473873659889
2022-12-29,10857.35,0.004123675318632968,9.292597548978522
2022-12-30,10729.4,-0.01185463290419972,9.280742916074322
2023-01-03,10978.64,0.022963929751236924,9.303706845825559
2023-01-04,11140.27,0.014614904345846471,9.318321750171407
2023-01-05,11057.39,-0.007467488477501682,9.310854261693905
2023-01-06,11144.54,0.007850709160312724,9.318704970854217
2023-01-09,11212.57,0.006085778525676705,9.324790749379893
2023-01-10,11162.15,-0.0045068796699198575,9.320283869709973
2023-01-11,11246.01,0.0074848083468284305,9.327768678056803
2023-01-12,11287.82,0.0037108692112153723,9.331479547268017
2023-01-13,11290.79,0.00026308085547620947,9.331742628123495
2023-01-16,11435.99,0.01277805088670681,9.3445206790102
2023-01-17,11401.99,-0.002977498458174059,9.341543180552026
2023-01-18,11366.62,-0.003106911528803445,9.338436269023223
2023-01-19,11258.97,-0.00951584575868115,9.328920423264542
2023-01-20,11295.02,0.003196776330991876,9.332117199595533
2023-01-23,11406.27,0.009801283592488556,9.341918483188023
2023-01-24,11406.29,1.7534200457976558e-06,9.341920236608068
2023-01-25,11404.77,-0.0001332686865275065,9.341786967921541
2023-01-26,11317.56,-0.007676187101291876,9.334110780820248
2023-01-27,11332.3,0.0013015534825246186,9.335412334302774
2023-01-30,11379.64,0.004168738430771662,9.339581072733544
2023-01-31,11285.78,-0.008282267571841978,9.331298805161703
2023-02-01,11200.93,-0.007546715611505482,9.323752089550197
2023-02-02,11188.42,-0.0011174957112976478,9.3226345938389
2023-02-03,11349.39,0.01428468313296967,9.33691927697187
2023-02-06,11283.25,-0.005844672851203591,9.331074604120666
2023-02-07,11233.87,-0.004386003108774519,9.326688601011892
2023-02-08,11276.28,0.0037680824143472634,9.330456683426238
2023-02-09,11217.73,-0.0052058421090079585,9.325250841317231
2023-02-10,11130.46,-0.007810068162247572,9.317440773154983
2023-02-13,11209.34,0.007061865174394221,9.324502638329378
2023-02-14,11231.91,0.0020114750835993757,9.326514113412976
2023-02-15,11272.67,0.0036223777177589117,9.330136491130736
2023-02-16,11194.91,-0.0069220014334561136,9.32321448969728
2023-02-17,11256.29,0.0054678728020165065,9.328682362499295
2023-02-20,11266.68,0.0009226137349569146,9.329604976234252
2023-02-21,11282.16,0.0013730198477515086,9.330977996082005
2023-02-22,11300.29,0.001605672005934256,9.332583668087938
2023-02-23,11247.75,-0.004660280458039497,9.3279233876299
2023-02-24,11181.77,-0.005883335026088055,9.32204005260381
2023-02-27,11219.93,0.0034068875942343834,9.325446940198045
2023-02-28,11098.35,-0.010895212595574045,9.314551727602472
2023-03-01,11056.08,-0.0038159457311848564,9.310735781871287
2023-03-02,11165.58,0.009855329105666237,9.320591110976952
2023-03-03,11190.09,0.0021927331921164973,9.32278384416907
2023-03-06,11147.25,-0.0038357344719553064,9.318948109697114
2023-03-07,11064.08,-0.0074890057206711096,9.311459103976443
2023-03-08,11025.26,-0.003514821173025363,9.307944282803417
2023-03-09,10948.85,-0.0069545759051046156,9.300989706898314
2023-03-10,10765.26,-0.016910145045948434,9.284079561852364
2023-03-13,10632.05,-0.012451258686293293,9.271628303166072
2023-03-14,10716.72,0.00793211449105147,9.279560417657123
2023-03-15,10516.4,-0.018869195254218915,9.260691222402905
2023-03-16,10719.1,0.019091253473571487,9.279782475876475
2023-03-17,10613.55,-0.00989571022177597,9.2698867656547
2023-03-20,10643.64,0.0028310439994310515,9.27271780965413
2023-03-21,10792.58,0.013896330303044258,9.286614139957175
2023-03-22,10782.28,-0.0009548150748155612,9.28565932488236
2023-03-23,10718.54,-0.005929093562665903,9.279730231319693
2023-03-24,10634.04,-0.007914775742829994,9.271815455576863
2023-03-27,10786.22,0.014209216922977361,9.28602467249984
2023-03-28,10839.11,0.004891495802101267,9.290916168301942
2023-03-29,10963.31,0.011393353904310064,9.302309522206253
2023-03-30,11032.21,0.006264932618707116,9.308574454824958
2023-03-31,11106.24,0.006687936683674702,9.315262391508634
2023-04-03,11093.09,-0.001184720578330164,9.314077670930304
2023-04-04,11073.48,-0.0017693314857296274,9.312308339444574
2023-04-05,11115.4,0.003778473710600258,9.316086813155174
2023-04-06,11230.07,0.010263467861538606,9.326350281016714
2023-04-11,11265.3,0.0031322026534843163,9.329482483670198
2023-04-12,11231.99,-0.0029612477183914,9.326521235951805
2023-04-13,11258.95,0.0023974109497331498,9.328918646901538
2023-04-14,11342.86,0.007425103167512135,9.336343750069052
2023-04-17,11311.76,-0.0027455785651230727,9.333598171503928
2023-04-18,11358.98,0.004165728007570561,9.337763899511499
2023-04-19,11366.22,0.0006371781322013421,9.3384010776437
2023-04-20,11390.64,0.002146166858984561,9.340547244502684
2023-04-21,11460.58,0.0061213553056063685,9.346668599808291
2023-04-24,11467.2,0.000577465431364265,9.347246065239656
2023-04-25,11513.12,0.0039964683797773706,9.351242533619432
2023-04-26,11364.91,-0.012956716413858638,9.338285817205573
2023-04-27,11361.89,-0.0002657655294872832,9.338020051676086
2023-04-28,11437.14,0.006601182002493174,9.344621233678579
2023-05-02,11423.33,-0.0012081992784858555,9.343413034400093
2023-05-03,11506.19,0.007227396010392672,9.350640430410486
2023-05-04,11456.37,-0.004339244245578477,9.346301186164908
2023-05-05,11554.24,0.008506561987571085,9.35480774815248
2023-05-08,11595.25,0.0035430623223978255,9.358350810474876
2023-05-09,11546.04,-0.004253010456742203,9.354097800018135
2023-05-10,11447.23,-0.008594741700830386,9.345503058317304
2023-05-11,11522.97,0.00659465520464652,9.352097713521951
2023-05-12,11564.73,0.0036175145675578124,9.355715228089508
2023-05-15,11578.25,0.001168388992087498,9.356883617081596
2023-05-16,11519.87,-0.005054967617608753,9.351828649463988
2023-05-17,11437.78,-0.007151459305545128,9.344677190158443
2023-05-19,11571.16,0.011593884294923912,9.356271074453366
2023-05-22,11553.23,-0.0015507439195742716,9.354720330533791
2023-05-23,11484.9,-0.005931922457641691,9.34878840807615
2023-05-24,11383.14,-0.008899815784134329,9.339888592292017
2023-05-25,11325.26,-0.005097684146917871,9.334790908145099
2023-05-26,11434.24,0.009576733488267018,9.344367641633365
2023-05-30,11282.45,-0.013363941583951607,9.331003700049413
2023-05-31,11217.89,-0.005738595698666798,9.325265104350747
2023-06-01,11296.28,0.00696364261048175,9.332228746961228
2023-06-02,11443.35,0.012935307273421915,9.345164054234651
2023-06-05,11415.0,-0.0024804952707543097,9.342683558963897
2023-06-06,11468.27,0.004655811536193956,9.34733937050009
2023-06-07,11348.11,-0.010532881280294924,9.336806489219795
2023-06-08,11308.9,-0.003461183902374544,9.33334530531742
2023-06-09,11254.42,-0.004829085956595172,9.328516219360825
2023-06-12,11301.25,0.004152398690750898,9.332668618051576
2023-06-13,11327.27,0.0022997537150486256,9.334968371766625
2023-06-14,11278.3,-0.004332567292208795,9.330635804474417
2023-06-15,11302.83,0.002172611348409599,9.332808415822825
2023-06-16,11386.26,0.007354228488086237,9.340162644310912
2023-06-19,11306.64,-0.007017201566529556,9.333145442744382
2023-06-20,11215.91,-0.008056857753275378,9.325088584991107
2023-06-21,11173.65,-0.0037749781760212197,9.321313606815085
2023-06-22,11183.42,0.0008739965140260935,9.322187603329112
2023-06-23,11221.22,0.0033743042392707944,9.325561907568382
2023-06-26,11141.9,-0.007093852077260592,9.318468055491122
2023-06-27,11142.65,6.731120891225461e-05,9.318535366700035
2023-06-28,11183.55,0.0036638609125633445,9.322199227612598
2023-06-29,11170.51,-0.0011666785791129585,9.321032549033484
2023-06-30,11280.29,0.009779684907947134,9.330812233941431
2023-07-03,11219.15,-0.005434815310252137,9.325377418631179
2023-07-04,11217.34,-0.00016134431044476699,9.325216074320736
2023-07-05,11193.92,-0.0020900215806920453,9.323126052740042
2023-07-06,10986.78,-0.018678041903968497,9.304448010836074
2023-07-07,10874.9,-0.010235350323766254,9.294212660512308
2023-07-10,10922.01,0.0043226377825984685,9.298535298294906
2023-07-11,10962.59,0.003708548157989242,9.302243846452896
2023-07-12,11019.03,0.005135210601281371,9.307379057054177
2023-07-13,11021.66,0.0002386495170959345,9.307617706571273
2023-07-14,11110.19,0.008000277626341047,9.315617984197614
2023-07-17,10976.2,-0.012133412823614511,9.303484571374
2023-07-18,11103.55,0.011535584614788687,9.315020155988789
2023-07-19,11120.15,0.0014939009334396553,9.316514056922228
2023-07-20,11201.55,0.007293383642692897,9.32380744056492
2023-07-21,11207.38,0.000520328291581498,9.324327768856502
2023-07-24,11177.68,-0.002653557098115969,9.321674211758387
2023-07-25,11231.41,0.00479538463750818,9.326469596395894
2023-07-26,11183.55,-0.004270368783296784,9.322199227612598
2023-07-27,11373.21,0.016816641186391805,9.33901586879899
2023-07-28,11317.74,-0.004889183616969225,9.33412668518202
2023-07-31,11309.25,-0.0007504312680057613,9.333376253914015
2023-08-02,11212.7,-0.008573910470816118,9.3248023434432
2023-08-03,11087.18,-0.011257578572186719,9.313544764871011
2023-08-04,11098.48,0.0010186761157583257,9.31456344098677
2023-08-07,11107.47,0.0008096929418606992,9.315373133928631
2023-08-08,11057.32,-0.004525202862620675,9.31084793106601
2023-08-09,11081.54,0.0021880087468401518,9.31303593981285
2023-08-10,11149.79,0.00614000281733372,9.319175942630183
2023-08-11,11081.63,-0.006131881235448099,9.313044061394736
2023-08-14,11110.11,0.002566722180024459,9.31561078357476
2023-08-15,10985.22,-0.01130477164662546,9.304306011928135
2023-08-16,10992.31,0.000645204465284035,9.30495121639342
2023-08-17,10884.89,-0.009820348425810501,9.295130867967607
2023-08-18,10839.06,-0.004219312601167975,9.29091155536644
2023-08-21,10848.34,0.0008557965054713234,9.291767351871911
2023-08-22,10875.68,0.0025170308657653582,9.294284382737677
2023-08-23,10973.64,0.008966929531781456,9.30325131226946
2023-08-24,10976.83,0.00029065437072254007,9.303541966640182
2023-08-25,10956.9,-0.0018172928621799336,9.301724673778
2023-08-28,11032.76,0.006899633822657309,9.30862430760066
2023-08-29,11106.24,0.006638083907975026,9.315262391508634
2023-08-30,11090.22,-0.0014434736693713763,9.313818917839262
2023-08-31,11125.95,0.0032165788078089563,9.31703549664707
2023-09-01,11075.15,-0.00457635780739557,9.312459138839676
2023-09-04,11053.59,-0.00194859778026242,9.310510541059413
2023-09-05,10958.9,-0.00860335055781041,9.301907190501604
2023-09-06,10924.42,-0.0031512611919470813,9.298755929309657
2023-09-07,10993.43,0.006297171305169224,9.305053100614826
2023-09-08,10948.59,-0.004087140784663631,9.300965959830162
2023-09-11,10972.21,0.0021550316723162916,9.303120991502478
2023-09-12,10987.13,0.0013588752936897423,9.304479866796168
2023-09-13,10976.38,-0.0009788964385403075,9.303500970357627
2023-09-14,11098.32,0.011048054136675211,9.314549024494303
2023-09-15,11197.72,0.00891644063683602,9.32346546513114
2023-09-18,11090.61,-0.009611381790852148,9.313854083340287
2023-09-19,11068.7,-0.001977499041254025,9.311876584299032
2023-09-20,11154.11,0.0076867345347768545,9.31956331883381
2023-09-21,11084.74,-0.006238652178004084,9.313324666655806
2023-09-22,11014.76,-0.006333196127001808,9.306991470528803
2023-09-25,11014.26,-4.539466577144776e-05,9.306946075863031
2023-09-26,10953.7,-0.005513498150200129,9.301432577712832
2023-09-27,10882.31,-0.006538763662317502,9.294893814050514
2023-09-28,10917.79,0.003255033814212313,9.298148847864727
2023-09-29,10963.5,0.004178004723829383,9.302326852588557
2023-10-02,10863.65,-0.009149219803886569,9.29317763278467
2023-10-03,10763.37,-0.009273651078821957,9.283903981705848
2023-10-04,10756.19,-0.0006672999137930069,9.283236681792054
2023-10-05,10783.15,0.0025033277787594424,9.285740009570814
2023-10-06,10837.59,0.005035915981771173,9.290775925552586
2023-10-09,10822.24,-0.0014173705490549316,9.28935855500353
2023-10-10,11001.69,0.016445621339756526,9.305804176343287
2023-10-11,11038.3,0.003322146123567908,9.309126322466854
2023-10-12,10979.77,-0.005316554799412858,9.303809767667442
2023-10-13,10900.3,-0.007264176893175803,9.296545590774265
2023-10-16,10889.03,-0.0010344513580720983,9.295511139416194
2023-10-17,10814.02,-0.0069124200215427015,9.28859871939465
2023-10-18,10675.44,-0.012897664348660869,9.27570105504599
2023-10-19,10448.23,-0.021513189989535428,9.254187865056455
2023-10-20,10348.6,-0.009581341212652451,9.244606523843801
2023-10-23,10331.92,-0.0016131125926198658,9.242993411251183
2023-10-24,10376.81,0.0043353764630443044,9.247328787714226
2023-10-25,10400.93,0.0023217164941555088,9.249650504208383
2023-10-26,10367.69,-0.0032009857546888413,9.246449518453693
2023-10-27,10323.71,-0.004251047897357582,9.242198470556335
2023-10-30,10382.19,0.005648646568792399,9.247847117125128
2023-10-31,10391.16,0.0008636065494969624,9.248710723674625
2023-11-01,10503.89,0.010790220052106836,9.259500943726731
2023-11-02,10591.98,0.008351446230752048,9.267852389957485
2023-11-03,10579.67,-0.001162875957916777,9.266689513999568
2023-11-06,10576.75,-0.00027603914259041664,9.266413474856977
2023-11-07,10571.03,-0.0005409551394507945,9.265872519717526
2023-11-08,10595.06,0.002270614017446239,9.268143133734972
2023-11-09,10644.99,0.004701504183993432,9.272844637918965
2023-11-10,10555.35,-0.00845651854633237,9.264388119372633
2023-11-13,10590.39,0.003314145740181642,9.267702265112815
2023-11-14,10715.73,0.011765769265615655,9.27946803437843
2023-11-15,10708.19,-0.0007038861526098844,9.27876414822582
2023-11-16,10643.07,-0.006099893113480506,9.27266425511234
2023-11-17,10737.37,0.00882120400559858,9.281485459117938
2023-11-20,10740.27,0.0002700482937253516,9.281755507411663
2023-11-21,10782.23,0.0038991802218077813,9.285654687633471
2023-11-22,10832.39,0.004641311301754917,9.290295998935227
2023-11-23,10851.62,0.001773657643696438,9.292069656578922
2023-11-24,10879.52,0.002567745210739539,9.294637401789663
2023-11-27,10821.06,-0.005387887459335882,9.289249514330328
2023-11-28,10760.38,-0.005623365253016213,9.28362614907731
2023-11-29,10802.88,0.003941895152431052,9.287568044229742
2023-11-30,10854.32,0.004750392177553244,9.292318436407294
2023-12-01,10887.36,0.0030393258877804766,9.295357762295076
2023-12-04,10952.44,0.0059597791766488935,9.301317541471724
2023-12-05,10964.81,0.0011287913687580838,9.302446332840482
2023-12-06,11001.62,0.003351480823734687,9.305797813664217
2023-12-07,10968.1,-0.00305147503109907,9.302746338633117
2023-12-08,11071.77,0.009407565887181548,9.312153904520299
2023-12-11,11130.36,0.005277884239679701,9.31743178875998
2023-12-12,11151.22,0.0018723991830367774,9.319304187943017
2023-12-13,11188.91,0.0033742002180913427,9.322678388161107
2023-12-14,11209.95,0.0018786675918506615,9.324557055752958
2023-12-15,11191.89,-0.001612367904832356,9.322944687848125
2023-12-18,11155.8,-0.003229866834053526,9.319714821014072
2023-12-19,11146.43,-0.000840274766363266,9.31887454624771
2023-12-20,11144.88,-0.00013906764586727263,9.318735478601841
2023-12-21,11132.6,-0.0011024587380416772,9.3176330198638
2023-12-22,11153.09,0.0018388486758703685,9.31947186853967
2023-12-27,11113.98,-0.003512814233544407,9.315959054306125
2023-12-28,11057.55,-0.005090322756096636,9.310868731550029
2023-12-29,11137.79,0.0072303780494203055,9.31809910959945
2024-01-03,11170.26,0.0029110588267410877,9.32101016842619
2024-01-04,11224.37,0.004832417887609953,9.3258425863138
2024-01-05,11185.9,-0.003433250718338131,9.322409335595463
2024-01-08,11230.4,0.0039703303806947615,9.326379665976157
2024-01-09,11248.65,0.0016237344558330319,9.32800340043199
2024-01-10,11255.0,0.0005643529088425318,9.328567753340833
2024-01-11,11153.62,-0.009048365467284884,9.319519387873548
2024-01-12,11226.4,0.006504038563378178,9.326023426436926
2024-01-15,11207.51,-0.001684058148081808,9.324339368288845
2024-01-16,11229.65,0.0019735124397040863,9.326312880728548
2024-01-17,11148.56,-0.007247260162664879,9.319065620565883
2024-01-18,11185.88,0.0033419270627744473,9.322407547628657
2024-01-19,11150.52,-0.0031661350565527213,9.319241412572104
2024-01-22,11275.35,0.011132793445580533,9.330374206017686
2024-01-23,11149.26,-0.011245799044859138,9.319128406972826
2024-01-24,11196.82,0.004256681423583015,9.323385088396408
2024-01-25,11209.02,0.0010890019035832625,9.324474090299992
2024-01-26,11390.13,0.016028379596733717,9.340502469896727
2024-01-29,11429.83,0.0034794136406664632,9.343981883537392
2024-01-30,11443.13,0.0011629453729605575,9.345144828910353
2024-01-31,11333.38,-0.009637196341583157,9.33550763256877
2024-02-01,11213.91,-0.010597381599541158,9.324910250969229
2024-02-02,11239.68,0.0022954023222924746,9.327205653291522
2024-02-05,11274.47,0.0030905033226257105,9.330296156614146
2024-02-06,11245.03,-0.002614624371910806,9.327681532242236
2024-02-07,11210.25,-0.0030977149082026347,9.324583817334034
2024-02-08,11138.85,-0.006389540779352257,9.318194276554681
2024-02-09,11091.58,-0.004252735663934926,9.313941540890747
2024-02-12,11179.3,0.00787759205134483,9.32181913294209
2024-02-13,11142.79,-0.0032712019848555735,9.318547930957235
2024-02-14,11213.64,0.00633824248234654,9.324886173439582
2024-02-15,11284.18,0.006270850345221679,9.331157023784804
2024-02-16,11310.61,0.0023394784421215415,9.333496502226925
2024-02-19,11398.44,0.007735280686663046,9.341231782913589
2024-02-20,11456.96,0.005120901658589463,9.346352684572178
2024-02-21,11428.74,-0.0024661700802530023,9.343886514491926
2024-02-22,11386.17,-0.0037317744758118315,9.340154740016112
2024-02-23,11496.76,0.009665795508868464,9.349820535524982
2024-02-26,11452.88,-0.003824029786277199,9.345996505738704
2024-02-27,11440.45,-0.0010859059142068047,9.344910599824498
2024-02-28,11414.38,-0.0022813568341545328,9.342629242990343
2024-02-29,11438.86,0.0021423666283694217,9.344771609618713
2024-03-01,11493.92,0.004801869271628828,9.349573478890342
2024-03-04,11477.8,-0.0014034650122832038,9.348170013878057
2024-03-05,11463.74,-0.001225724320190449,9.346944289557868
2024-03-06,11546.47,0.007190751972778503,9.354135041530647
2024-03-07,11575.37,0.0024998023556692148,9.356634843886315
2024-03-08,11647.14,0.00618109140682206,9.362815935293138
2024-03-11,11685.19,0.0032615717102273886,9.366077507003364
2024-03-12,11762.05,0.006556018985225714,9.37263352598859
2024-03-13,11790.46,0.0024124828970690645,9.37504600888566
2024-03-14,11720.7,-0.00593422057578272,9.369111788309876
2024-03-15,11676.13,-0.003809922447870745,9.365301865862007
2024-03-18,11623.63,-0.00450649181360836,9.360795374048397
2024-03-19,11577.8,-0.003950623699259164,9.356844750349138
2024-03-20,11618.63,0.003520372933874744,9.360365123283014
2024-03-21,11703.66,0.007291769097519451,9.367656892380532
2024-03-22,11651.99,-0.004424632523340404,9.363232259857192
2024-03-25,11637.05,-0.0012830071183186121,9.361949252738874
2024-03-26,11680.36,0.003714825086166948,9.365664077825041
2024-03-27,11705.71,0.002167958098888606,9.367832035923929
2024-03-28,11730.43,0.002109563193216008,9.369941599117146
2024-04-02,11595.0,-0.011612349427513425,9.358329249689632
2024-04-03,11616.87,0.001884381264542973,9.360213630954174
2024-04-04,11691.13,0.006372082655520237,9.366585713609695
2024-04-05,11495.79,-0.01684955324106409,9.34973616036863
2024-04-08,11547.14,0.00445690587103118,9.354193066239663
2024-04-09,11506.04,-0.003565672375395156,9.350627393864267
2024-04-10,11495.21,-0.0009416880213308,9.349685705842937
2024-04-11,11465.74,-0.002566968368668127,9.347118737474268
2024-04-12,11379.58,-0.007542937329151057,9.339575800145116
2024-04-15,11395.81,0.0014252228170211795,9.34100102296214
2024-04-16,11196.67,-0.01762933131630286,9.323371691645836
2024-04-17,11231.83,0.0031352991775812048,9.326506990823416
2024-04-18,11230.43,-0.00012465353012678046,9.32638233729329
2024-04-19,11296.4,0.005857032577659321,9.33223936987095
2024-04-22,11327.77,0.002773142184112787,9.335012512055062
2024-04-23,11469.15,0.01240358895791284,9.347416101012975
2024-04-24,11370.74,-0.00861743283302574,9.33879866817995
2024-04-25,11260.61,-0.009732593886134113,9.329066074293815
2024-04-26,11344.32,0.0074063828249451204,9.336472457118761
2024-04-29,11332.36,-0.001054828229613234,9.335417628889147
2024-04-30,11260.91,-0.006324913409477981,9.32909271547967
2024-05-02,11209.63,-0.004564206202606344,9.324528509277062
2024-05-03,11272.95,0.005632820381068659,9.330161329658132
2024-05-06,11327.66,0.004841471700642851,9.335002801358774
2024-05-07,11512.97,0.01622670356147327,9.351229504920248
2024-05-08,11602.21,0.007721371269482643,9.35895087618973
2024-05-10,11753.7,0.012972487431006582,9.371923363620738
2024-05-13,11768.08,0.0012226967339625566,9.3731460603547
2024-05-14,11784.07,0.0013578380281003763,9.3745038983828
2024-05-15,11899.26,0.009727593909311863,9.384231492292113
2024-05-16,11946.66,0.003975528092775236,9.388207020384888
2024-05-17,12037.99,0.00761574101970949,9.395822761404597
2024-05-21,12001.5,-0.003035840446308225,9.392786920958288
2024-05-22,11958.67,-0.003575103650668307,9.38921181730762
2024-05-23,11966.75,0.0006754322646943152,9.389887249572315
2024-05-24,11931.7,-0.002933246727771839,9.386954002844542
2024-05-27,11960.57,0.002416682387308922,9.389370685231851
2024-05-28,11854.5,-0.008907863918711687,9.38046282131314
2024-05-29,11793.73,-0.005139508011177778,9.375323313301962
2024-05-30,11885.93,0.007787313325794438,9.383110626627756
2024-05-31,12000.86,0.009622966241114889,9.392733592868872
2024-06-03,12007.04,0.0005148305463202168,9.39324842341519
2024-06-04,12008.94,0.00015822798020021571,9.393406651395392
2024-06-05,12150.02,0.011679443462483112,9.405086094857875
2024-06-06,12241.25,0.007480580177129579,9.412566675035004
2024-06-07,12254.76,0.0011030368921134725,9.413669711927117
2024-06-10,12137.74,-0.009594826093574956,9.404074885833543
2024-06-11,12072.92,-0.005354678879442079,9.398720206954101
2024-06-12,12167.59,0.007810931479799937,9.4065311384339
2024-06-13,12095.99,-0.005901866734504801,9.400629271699396
2024-06-14,12044.59,-0.004258396250105028,9.396370875449291
2024-06-17,12003.52,-0.0034156563596308455,9.392955219089659
2024-06-18,12046.61,0.0035833524482221006,9.396538571537882
2024-06-19,12060.24,0.0011307990427946715,9.397669370580676
2024-06-20,12128.16,0.005615929826591662,9.40328530040727
2024-06-21,12012.87,-0.00955144635436977,9.393733854052899
2024-06-24,12157.29,0.011950414787763614,9.405684268840663
2024-06-25,12086.31,-0.0058555827362696085,9.399828686104392
2024-06-26,12015.72,-0.0058576146356270255,9.393971071468766
2024-06-27,12004.31,-0.0009500405168686638,9.393021030951896
2024-06-28,11993.83,-0.0008734010774338178,9.392147629874463
2024-07-01,12049.61,0.004639943375347184,9.39678757324981
2024-07-02,12011.02,-0.003207732556418166,9.393579840693391
2024-07-03,12018.3,0.0006059264450873639,9.39418576713848
2024-07-04,12068.8,0.004193121960886935,9.398378889099366
2024-07-05,12006.14,-0.005205424519316435,9.39317346458005
2024-07-08,12051.66,0.003784224186904667,9.396957688766955
2024-07-09,12037.36,-0.0011872630501169892,9.395770425716838
2024-07-10,12151.19,0.009411960642645881,9.405182386359483
2024-07-11,12255.78,0.0085705550681341,9.413752941427617
2024-07-12,12365.18,0.008886795639897858,9.422639737067515
2024-07-15,12279.86,-0.006923936082835412,9.41571580098468
2024-07-16,12260.93,-0.0015427379277124635,9.414173063056968
2024-07-17,12333.93,0.005936217109466923,9.420109280166434
2024-07-18,12247.61,-0.007023185269256503,9.413086094897178
2024-07-19,12173.44,-0.0060742865727562,9.407011808324421
2024-07-22,12296.74,0.01007765725620042,9.417089465580622
2024-07-23,12278.82,-0.0014583597017557776,9.415631105878866
2024-07-24,12203.17,-0.006180072843488393,9.409451033035378
2024-07-25,12105.54,-0.008032554992772766,9.401418478042604
2024-07-26,12241.49,0.011167802641114194,9.412586280683719
2024-07-29,12214.9,-0.0021744836811401864,9.41041179700258
2024-07-30,12282.02,0.0054798862847233246,9.415891683287303
2024-07-31,12317.44,0.00287974000062448,9.418771423287927
2024-08-02,11875.52,-0.03653700587013145,9.382234417417795
2024-08-05,11543.25,-0.028378287889622107,9.353856129528173
2024-08-06,11510.46,-0.002844663363223317,9.35101146616495
2024-08-07,11843.18,0.02849598729268624,9.379507453457636
2024-08-08,11827.43,-0.0013307643803307705,9.378176689077305
2024-08-09,11865.93,0.0032498585160622446,9.381426547593367
2024-08-12,11873.71,0.0006554438296897585,9.382081991423057
2024-08-13,11928.14,0.004573602041839944,9.386655593464898
2024-08-14,12071.83,0.011974324710008019,9.398629918174905
2024-08-15,12150.22,0.00647263742574442,9.40510255560065
2024-08-16,12188.73,0.003164477689985054,9.408267033290635
2024-08-19,12275.24,0.007072471115777026,9.415339504406411
2024-08-20,12266.56,-0.0007073646074803213,9.41463213979893
2024-08-21,12250.11,-0.0013419442745377069,9.413290195524393
2024-08-22,12305.45,0.0045073371318751455,9.41779753265627
2024-08-23,12347.46,0.0034081202310933434,9.421205652887362
2024-08-26,12354.35,0.0005578538721399087,9.421763506759502
2024-08-27,12296.72,-0.004675667627537656,9.417087839131964
2024-08-28,12348.7,0.004218234225709158,9.421306073357673
2024-08-29,12417.72,0.005573690398638545,9.426879763756313
2024-08-30,12436.59,0.0015184492046405955,9.428398212960953
2024-09-02,12451.48,0.0011965573687765414,9.429594770329729
2024-09-03,12348.19,-0.008329997718835582,9.421264772610893
2024-09-04,12176.17,-0.01402873071464568,9.407236041896248
2024-09-05,12031.34,-0.01196585093455146,9.395270190961696
2024-09-06,11908.24,-0.010284314511157818,9.38498587645054
2024-09-09,11980.64,0.00606141616259543,9.391047292613134
2024-09-10,11964.71,-0.0013305299233535121,9.38971676268978
2024-09-11,11922.91,-0.003499724347934401,9.386217038341846
2024-09-12,11982.34,0.004972139796615127,9.391189178138461
2024-09-13,12037.28,0.0045746015807624,9.395763779719223
2024-09-16,12005.47,-0.0026461214762058954,9.393117658243018
2024-09-17,12042.78,0.003102930977149259,9.396220589220167
2024-09-18,11982.3,-0.005034749333396585,9.39118583988677
2024-09-19,12058.3,0.006322658600969971,9.39750849848774
2024-09-20,11934.07,-0.010355884828814667,9.387152613658925
2024-09-23,11965.35,0.0026176382406734554,9.389770251899598
2024-09-24,12048.85,0.006954246780280087,9.396724498679879
2024-09-25,12148.38,0.008226607865802963,9.404951106545681
2024-09-26,12209.62,0.005028338043645903,9.409979444589329
2024-09-27,12234.05,0.001998882175567741,9.411978326764896
2024-09-30,12168.87,-0.005341996367892902,9.406636330397003
2024-10-01,12086.66,-0.006778686328402794,9.3998576440686
2024-10-02,12122.09,0.002927042932474939,9.402784687001075
2024-10-03,12012.32,-0.009096618226053418,9.393688068775022
2024-10-04,11997.09,-0.0012686694127636516,9.392419399362257
2024-10-07,12008.7,0.0009672667223364495,9.393386666084595
2024-10-08,12010.99,0.00019067689940514897,9.393577342983999
2024-10-09,12122.93,0.009276636597600115,9.4028539795816
2024-10-10,12077.76,-0.0037329557507239782,9.399121023830876
2024-10-11,12154.19,0.006308221455745114,9.405429245286621
2024-10-14,12259.23,0.008605156358453114,9.414034401645074
2024-10-15,12218.85,-0.0032992813675651084,9.41073512027751
2024-10-16,12193.07,-0.0021120837347898685,9.40862303654272
2024-10-17,12304.27,0.009078599045163293,9.417701635587882
2024-10-18,12326.76,0.0018261523168158782,9.419527787904698
2024-10-21,12261.87,-0.0052780614976681,9.41424972640703
2024-10-22,12163.33,-0.008068759692368336,9.406180966714661
2024-10-23,12147.1,-0.0013352295628903368,9.40484573715177
2024-10-24,12173.04,0.0021332122131589378,9.40697894936493
2024-10-25,12184.0,0.0008999452100673872,9.407878894574997
2024-10-28,12237.97,0.004419798063538852,9.412298692638537
2024-10-29,12100.57,-0.0112908547252081,9.401007837913328
2024-10-30,11967.7,-0.011041204858168313,9.38996663305516
2024-10-31,11792.92,-0.014712002673436381,9.375254630381724
2024-11-01,11967.2,0.014670222678527496,9.38992485306025
2024-11-04,11896.94,-0.005888349884666467,9.384036503175585
2024-11-05,11866.01,-0.002603213613376866,9.381433289562208
2024-11-06,11847.29,-0.0015788611360519637,9.379854428426157
2024-11-07,11917.0,0.0058668026646503954,9.385721231090805
2024-11-08,11797.72,-0.010059659645487804,9.375661571445319
