"Date","Price","Open","High","Low","Vol.","Change %"
"11/08/2024","11,797.72","11,918.78","11,932.08","11,775.75","24.89M","-1.00%"
"11/07/2024","11,917.00","11,863.67","11,990.69","11,855.47","29.30M","0.59%"
"11/06/2024","11,847.29","11,997.42","12,122.20","11,821.48","37.28M","-0.16%"
"11/05/2024","11,866.01","11,920.49","11,924.70","11,839.35","23.35M","-0.26%"
"11/04/2024","11,896.94","11,946.40","11,983.26","11,896.94","16.63M","-0.59%"
"11/01/2024","11,967.20","11,843.05","11,991.87","11,842.98","20.26M","1.48%"
"10/31/2024","11,792.92","11,905.42","11,905.42","11,745.30","28.92M","-1.46%"
"10/30/2024","11,967.70","12,070.02","12,093.33","11,952.43","32.60M","-1.10%"
"10/29/2024","12,100.57","12,252.26","12,253.41","12,098.69","26.00M","-1.12%"
"10/28/2024","12,237.97","12,230.43","12,254.80","12,155.96","17.27M","0.44%"
"10/25/2024","12,184.00","12,154.39","12,197.76","12,142.92","15.23M","0.09%"
"10/24/2024","12,173.04","12,174.20","12,224.63","12,169.08","19.38M","0.21%"
"10/23/2024","12,147.10","12,173.84","12,218.38","12,107.05","16.99M","-0.13%"
"10/22/2024","12,163.33","12,234.37","12,238.56","12,120.99","16.43M","-0.80%"
"10/21/2024","12,261.87","12,303.69","12,355.26","12,251.99","17.87M","-0.53%"
"10/18/2024","12,326.76","12,289.14","12,348.16","12,280.52","24.02M","0.18%"
"10/17/2024","12,304.27","12,159.22","12,353.12","12,130.49","27.69M","0.91%"
"10/16/2024","12,193.07","12,161.01","12,223.11","12,170.28","20.57M","-0.21%"
"10/15/2024","12,218.85","12,288.88","12,301.70","12,208.81","22.77M","-0.33%"
"10/14/2024","12,259.23","12,186.35","12,266.58","12,176.38","17.72M","0.86%"
"10/11/2024","12,154.19","12,064.63","12,176.39","12,049.68","15.80M","0.63%"
"10/10/2024","12,077.76","12,137.61","12,150.68","12,070.14","18.58M","-0.37%"
"10/09/2024","12,122.93","11,995.33","12,122.93","11,988.06","17.13M","0.93%"
"10/08/2024","12,010.99","11,940.95","12,043.61","11,887.46","21.24M","0.02%"
"10/07/2024","12,008.70","12,033.69","12,049.01","11,951.53","19.55M","0.10%"
"10/04/2024","11,997.09","11,990.52","12,030.88","11,958.56","17.70M","-0.13%"
"10/03/2024","12,012.32","12,124.78","12,126.90","11,973.06","16.80M","-0.91%"
"10/02/2024","12,122.09","12,112.07","12,159.78","12,055.56","23.91M","0.29%"
"10/01/2024","12,086.66","12,198.41","12,232.15","12,060.00","23.72M","-0.68%"
"09/30/2024","12,168.87","12,175.97","12,223.98","12,168.87","23.20M","-0.53%"
"09/27/2024","12,234.05","12,218.48","12,255.95","12,188.25","22.15M","0.20%"
"09/26/2024","12,209.62","12,261.19","12,267.86","12,149.27","28.19M","0.50%"
"09/25/2024","12,148.38","12,040.22","12,152.50","12,031.01","19.45M","0.83%"
"09/24/2024","12,048.85","12,038.41","12,076.42","11,985.39","23.56M","0.70%"
"09/23/2024","11,965.35","11,929.19","12,000.46","11,922.06","21.76M","0.26%"
"09/20/2024","11,934.07","12,031.30","12,056.00","11,927.33","60.82M","-1.03%"
"09/19/2024","12,058.30","12,075.51","12,122.87","12,034.39","23.52M","0.63%"
"09/18/2024","11,982.30","12,042.54","12,057.88","11,943.70","18.02M","-0.50%"
"09/17/2024","12,042.78","12,055.96","12,120.01","12,040.76","21.40M","0.31%"
"09/16/2024","12,005.47","11,980.99","12,057.68","11,976.92","15.59M","-0.26%"
"09/13/2024","12,037.28","12,022.48","12,077.91","12,022.46","19.50M","0.46%"
"09/12/2024","11,982.34","11,978.07","12,015.32","11,923.49","24.59M","0.50%"
"09/11/2024","11,922.91","11,928.27","12,022.37","11,877.88","22.76M","-0.35%"
"09/10/2024","11,964.71","11,941.92","12,040.40","11,914.22","20.99M","-0.13%"
"09/09/2024","11,980.64","11,962.72","12,022.04","11,918.82","20.97M","0.61%"
"09/06/2024","11,908.24","11,978.33","12,088.94","11,908.24","26.84M","-1.02%"
"09/05/2024","12,031.34","12,103.93","12,150.92","12,031.34","22.70M","-1.19%"
"09/04/2024","12,176.17","12,181.67","12,250.32","12,133.05","27.19M","-1.39%"
"09/03/2024","12,348.19","12,409.27","12,427.01","12,293.90","23.55M","-0.83%"
"09/02/2024","12,451.48","12,421.80","12,459.82","12,367.29","17.31M","0.12%"
"08/30/2024","12,436.59","12,421.36","12,483.57","12,418.60","28.92M","0.15%"
"08/29/2024","12,417.72","12,322.37","12,427.64","12,321.39","19.44M","0.56%"
"08/28/2024","12,348.70","12,322.23","12,394.45","12,304.31","14.70M","0.42%"
"08/27/2024","12,296.72","12,360.54","12,373.27","12,287.34","14.32M","-0.47%"
"08/26/2024","12,354.35","12,338.27","12,371.92","12,332.80","11.22M","0.06%"
"08/23/2024","12,347.46","12,240.94","12,351.97","12,234.52","19.60M","0.34%"
"08/22/2024","12,305.45","12,266.00","12,347.41","12,265.72","14.96M","0.45%"
"08/21/2024","12,250.11","12,219.48","12,274.31","12,215.53","17.17M","-0.13%"
"08/20/2024","12,266.56","12,283.41","12,324.13","12,258.26","16.98M","-0.07%"
"08/19/2024","12,275.24","12,168.98","12,296.22","12,167.45","15.36M","0.71%"
"08/16/2024","12,188.73","12,185.65","12,222.01","12,142.33","16.10M","0.32%"
"08/15/2024","12,150.22","12,107.48","12,188.49","12,063.83","19.70M","0.65%"
"08/14/2024","12,071.83","11,998.19","12,085.62","11,975.96","21.11M","1.20%"
"08/13/2024","11,928.14","11,911.22","11,933.42","11,800.85","16.74M","0.46%"
"08/12/2024","11,873.71","11,896.16","11,935.33","11,867.32","13.66M","0.07%"
"08/09/2024","11,865.93","11,837.34","11,925.71","11,826.77","13.39M","0.33%"
"08/08/2024","11,827.43","11,744.65","11,831.42","11,642.77","20.12M","-0.13%"
"08/07/2024","11,843.18","11,588.94","11,865.57","11,587.56","23.68M","2.89%"
"08/06/2024","11,510.46","11,556.78","11,613.79","11,417.16","30.19M","-0.28%"
"08/05/2024","11,543.25","11,630.46","11,631.35","11,419.90","44.64M","-2.80%"
"08/02/2024","11,875.52","12,068.30","12,109.93","11,845.08","43.01M","-3.59%"
"07/31/2024","12,317.44","12,282.02","12,352.11","12,282.02","29.82M","0.29%"
"07/30/2024","12,282.02","12,242.90","12,296.35","12,205.57","16.03M","0.55%"
"07/29/2024","12,214.90","12,291.15","12,300.07","12,197.09","17.52M","-0.22%"
"07/26/2024","12,241.49","12,078.04","12,250.56","12,060.58","22.91M","1.12%"
"07/25/2024","12,105.54","12,109.20","12,138.78","12,026.63","32.10M","-0.80%"
"07/24/2024","12,203.17","12,179.23","12,235.24","12,178.29","20.33M","-0.62%"
"07/23/2024","12,278.82","12,321.37","12,344.38","12,244.62","17.49M","-0.15%"
"07/22/2024","12,296.74","12,216.57","12,334.06","12,199.04","17.19M","1.01%"
"07/19/2024","12,173.44","12,236.94","12,243.73","12,165.05","24.62M","-0.61%"
"07/18/2024","12,247.61","12,330.95","12,346.63","12,234.44","24.83M","-0.70%"
"07/17/2024","12,333.93","12,217.70","12,357.61","12,208.58","21.81M","0.60%"
"07/16/2024","12,260.93","12,220.24","12,271.34","12,197.46","16.29M","-0.15%"
"07/15/2024","12,279.86","12,336.04","12,434.03","12,279.21","17.76M","-0.69%"
"07/12/2024","12,365.18","12,286.14","12,383.99","12,273.81","15.96M","0.89%"
"07/11/2024","12,255.78","12,222.55","12,292.48","12,203.66","18.97M","0.86%"
"07/10/2024","12,151.19","12,048.76","12,153.42","12,042.99","14.32M","0.95%"
"07/09/2024","12,037.36","12,021.49","12,151.28","12,011.45","19.19M","-0.12%"
"07/08/2024","12,051.66","11,996.32","12,111.00","11,980.36","16.14M","0.38%"
"07/05/2024","12,006.14","12,095.78","12,111.63","11,991.62","13.96M","-0.52%"
"07/04/2024","12,068.80","11,994.51","12,101.45","11,988.30","15.25M","0.42%"
"07/03/2024","12,018.30","12,027.31","12,067.18","11,996.00","17.75M","0.06%"
"07/02/2024","12,011.02","11,951.02","12,015.14","11,920.09","21.11M","-0.32%"
"07/01/2024","12,049.61","12,106.94","12,107.30","12,022.16","17.10M","0.47%"
"06/28/2024","11,993.83","12,033.82","12,058.05","11,980.20","20.29M","-0.09%"
"06/27/2024","12,004.31","12,048.21","12,050.52","11,990.32","18.56M","-0.09%"
"06/26/2024","12,015.72","12,134.98","12,163.23","11,984.33","23.15M","-0.58%"
"06/25/2024","12,086.31","12,104.21","12,124.62","12,054.76","23.78M","-0.58%"
"06/24/2024","12,157.29","12,004.36","12,180.57","11,999.85","21.62M","1.20%"
"06/21/2024","12,012.87","12,095.06","12,110.54","11,987.23","74.96M","-0.95%"
"06/20/2024","12,128.16","12,040.28","12,129.63","12,032.25","22.93M","0.56%"
"06/19/2024","12,060.24","12,047.48","12,068.12","12,024.00","19.39M","0.11%"
"06/18/2024","12,046.61","12,046.28","12,048.75","11,996.51","19.05M","0.36%"
"06/17/2024","12,003.52","12,043.38","12,068.23","11,955.08","17.72M","-0.34%"
"06/14/2024","12,044.59","12,103.46","12,113.49","11,981.82","23.28M","-0.42%"
"06/13/2024","12,095.99","12,136.80","12,175.52","12,072.74","22.22M","-0.59%"
"06/12/2024","12,167.59","12,074.72","12,185.77","12,061.93","19.79M","0.78%"
"06/11/2024","12,072.92","12,170.13","12,181.69","12,031.82","18.39M","-0.53%"
"06/10/2024","12,137.74","12,136.17","12,202.93","12,096.55","19.90M","-0.95%"
"06/07/2024","12,254.76","12,249.72","12,295.18","12,209.47","21.49M","0.11%"
"06/06/2024","12,241.25","12,183.71","12,246.52","12,175.85","23.02M","0.75%"
"06/05/2024","12,150.02","12,089.71","12,155.49","12,081.15","20.03M","1.17%"
"06/04/2024","12,008.94","12,005.64","12,064.99","11,967.50","26.14M","0.02%"
"06/03/2024","12,007.04","12,065.32","12,086.27","11,977.12","25.29M","0.05%"
"05/31/2024","12,000.86","11,895.19","12,012.09","11,889.89","79.84M","0.97%"
"05/30/2024","11,885.93","11,777.78","11,885.92","11,771.88","22.33M","0.78%"
"05/29/2024","11,793.73","11,815.74","11,841.61","11,783.62","21.52M","-0.51%"
"05/28/2024","11,854.50","11,982.76","11,986.53","11,835.46","20.11M","-0.89%"
"05/27/2024","11,960.57","11,919.48","11,961.25","11,915.38","14.59M","0.24%"
"05/24/2024","11,931.70","11,885.62","11,942.49","11,857.09","19.90M","-0.29%"
"05/23/2024","11,966.75","11,959.60","12,016.03","11,945.59","24.44M","0.07%"
"05/22/2024","11,958.67","11,981.86","11,993.95","11,929.56","21.43M","-0.36%"
"05/21/2024","12,001.50","12,039.40","12,050.29","11,972.59","25.92M","-0.30%"
"05/17/2024","12,037.99","12,004.88","12,046.39","11,992.42","29.60M","0.76%"
"05/16/2024","11,946.66","11,955.73","11,983.75","11,930.43","25.98M","0.40%"
"05/15/2024","11,899.26","11,808.65","11,906.80","11,801.75","24.03M","0.98%"
"05/14/2024","11,784.07","11,710.08","11,791.70","11,697.77","25.90M","0.14%"
"05/13/2024","11,768.08","11,747.76","11,772.82","11,729.47","27.26M","0.12%"
"05/10/2024","11,753.70","11,661.72","11,761.78","11,660.90","28.91M","1.31%"
"05/08/2024","11,602.21","11,551.01","11,602.21","11,542.78","28.91M","0.78%"
"05/07/2024","11,512.97","11,352.58","11,526.26","11,351.17","33.98M","1.64%"
"05/06/2024","11,327.66","11,283.23","11,381.81","11,277.59","17.43M","0.49%"
"05/03/2024","11,272.95","11,239.82","11,335.26","11,221.41","","0.56%"
"05/02/2024","11,209.63","11,286.71","11,301.35","11,188.72","27.50M","-0.46%"
"04/30/2024","11,260.91","11,329.35","11,338.84","11,260.91","26.35M","-0.63%"
"04/29/2024","11,332.36","11,370.51","11,392.82","11,332.36","19.23M","-0.11%"
"04/26/2024","11,344.32","11,344.52","11,360.42","11,294.67","23.77M","0.74%"
"04/25/2024","11,260.61","11,342.83","11,345.29","11,194.82","33.52M","-0.97%"
"04/24/2024","11,370.74","11,450.40","11,459.47","11,370.74","31.52M","-0.86%"
"04/23/2024","11,469.15","11,440.87","11,515.09","11,422.08","29.50M","1.25%"
"04/22/2024","11,327.77","11,305.37","11,338.97","11,256.40","29.30M","0.28%"
"04/19/2024","11,296.40","11,144.15","11,296.40","11,127.42","31.28M","0.59%"
"04/18/2024","11,230.43","11,235.85","11,281.46","11,173.64","27.95M","-0.01%"
"04/17/2024","11,231.83","11,203.04","11,286.79","11,182.89","22.71M","0.31%"
"04/16/2024","11,196.67","11,262.00","11,282.97","11,172.40","29.74M","-1.75%"
"04/15/2024","11,395.81","11,425.10","11,464.31","11,375.12","20.22M","0.14%"
"04/12/2024","11,379.58","11,508.31","11,530.34","11,357.56","23.28M","-0.75%"
"04/11/2024","11,465.74","11,492.07","11,537.57","11,427.48","24.89M","-0.26%"
"04/10/2024","11,495.21","11,558.89","11,559.63","11,404.39","24.50M","-0.09%"
"04/09/2024","11,506.04","11,525.03","11,577.76","11,486.67","19.86M","-0.36%"
"04/08/2024","11,547.14","11,501.71","11,561.38","11,487.41","19.99M","0.45%"
"04/05/2024","11,495.79","11,543.31","11,548.31","11,480.87","25.94M","-1.67%"
"04/04/2024","11,691.13","11,633.88","11,693.57","11,616.46","24.41M","0.64%"
"04/03/2024","11,616.87","11,613.24","11,629.43","11,582.33","25.81M","0.19%"
"04/02/2024","11,595.00","11,730.43","11,762.56","11,582.00","24.19M","-1.15%"
"03/28/2024","11,730.43","11,732.83","11,740.68","11,687.14","26.56M","0.21%"
"03/27/2024","11,705.71","11,703.43","11,722.09","11,672.70","21.43M","0.22%"
"03/26/2024","11,680.36","11,648.70","11,693.84","11,639.14","22.83M","0.37%"
"03/25/2024","11,637.05","11,630.09","11,640.86","11,583.39","20.44M","-0.13%"
"03/22/2024","11,651.99","11,690.10","11,715.50","11,651.99","21.50M","-0.44%"
"03/21/2024","11,703.66","11,651.43","11,779.24","11,650.60","29.80M","0.73%"
"03/20/2024","11,618.63","11,570.11","11,635.44","11,558.50","23.68M","0.35%"
"03/19/2024","11,577.80","11,588.09","11,613.72","11,536.27","25.41M","-0.39%"
"03/18/2024","11,623.63","11,663.62","11,666.09","11,593.41","21.95M","-0.45%"
"03/15/2024","11,676.13","11,733.92","11,761.03","11,676.13","109.53M","-0.38%"
"03/14/2024","11,720.70","11,747.52","11,779.76","11,688.35","27.14M","-0.59%"
"03/13/2024","11,790.46","11,757.38","11,799.91","11,735.91","28.30M","0.24%"
"03/12/2024","11,762.05","11,721.59","11,775.97","11,669.67","28.08M","0.66%"
"03/11/2024","11,685.19","11,634.57","11,685.19","11,623.47","26.74M","0.33%"
"03/08/2024","11,647.14","11,581.67","11,649.99","11,580.24","34.75M","0.62%"
"03/07/2024","11,575.37","11,492.67","11,583.74","11,470.77","31.98M","0.25%"
"03/06/2024","11,546.47","11,470.91","11,546.47","11,463.01","23.51M","0.72%"
"03/05/2024","11,463.74","11,484.97","11,504.02","11,447.89","22.13M","-0.12%"
"03/04/2024","11,477.80","11,489.88","11,493.47","11,424.79","22.15M","-0.14%"
"03/01/2024","11,493.92","11,486.72","11,529.24","11,456.21","24.61M","0.48%"
"02/29/2024","11,438.86","11,446.33","11,486.43","11,418.45","44.64M","0.21%"
"02/28/2024","11,414.38","11,460.81","11,498.95","11,414.38","26.14M","-0.23%"
"02/27/2024","11,440.45","11,433.65","11,466.95","11,410.28","21.56M","-0.11%"
"02/26/2024","11,452.88","11,495.58","11,524.36","11,452.88","22.86M","-0.38%"
"02/23/2024","11,496.76","11,406.58","11,505.72","11,402.00","22.41M","0.97%"
"02/22/2024","11,386.17","11,435.15","11,455.10","11,368.28","32.55M","-0.37%"
"02/21/2024","11,428.74","11,437.95","11,454.22","11,407.67","18.83M","-0.25%"
"02/20/2024","11,456.96","11,394.32","11,477.47","11,375.53","19.42M","0.51%"
"02/19/2024","11,398.44","11,300.18","11,407.31","11,292.66","14.74M","0.78%"
"02/16/2024","11,310.61","11,282.37","11,358.00","11,282.37","24.50M","0.23%"
"02/15/2024","11,284.18","11,242.18","11,292.07","11,231.66","21.44M","0.63%"
"02/14/2024","11,213.64","11,141.34","11,217.77","11,141.34","18.74M","0.64%"
"02/13/2024","11,142.79","11,206.91","11,231.94","11,100.88","25.16M","-0.33%"
"02/12/2024","11,179.30","11,130.26","11,184.14","11,117.40","18.59M","0.79%"
"02/09/2024","11,091.58","11,153.52","11,161.06","11,064.90","21.06M","-0.42%"
"02/08/2024","11,138.85","11,219.36","11,257.04","11,138.85","26.55M","-0.64%"
"02/07/2024","11,210.25","11,265.84","11,267.44","11,206.02","32.40M","-0.31%"
"02/06/2024","11,245.03","11,315.53","11,318.39","11,192.32","35.23M","-0.26%"
"02/05/2024","11,274.47","11,257.21","11,295.09","11,227.45","21.44M","0.31%"
"02/02/2024","11,239.68","11,287.11","11,300.86","11,231.49","22.75M","0.23%"
"02/01/2024","11,213.91","11,264.59","11,295.47","11,194.31","30.79M","-1.05%"
"01/31/2024","11,333.38","11,396.67","11,422.40","11,332.22","33.66M","-0.96%"
"01/30/2024","11,443.13","11,438.24","11,473.57","11,420.15","20.18M","0.12%"
"01/29/2024","11,429.83","11,367.05","11,437.47","11,360.28","25.50M","0.35%"
"01/26/2024","11,390.13","11,248.65","11,421.24","11,245.38","23.00M","1.62%"
"01/25/2024","11,209.02","11,158.60","11,209.02","11,138.04","18.57M","0.11%"
"01/24/2024","11,196.82","11,165.56","11,199.49","11,144.16","21.13M","0.43%"
"01/23/2024","11,149.26","11,283.05","11,287.44","11,149.26","21.01M","-1.12%"
"01/22/2024","11,275.35","11,223.75","11,289.44","11,198.26","20.24M","1.12%"
"01/19/2024","11,150.52","11,237.26","11,253.56","11,129.57","31.00M","-0.32%"
"01/18/2024","11,185.88","11,092.79","11,218.02","11,088.62","22.63M","0.33%"
"01/17/2024","11,148.56","11,130.83","11,148.56","11,088.87","22.78M","-0.72%"
"01/16/2024","11,229.65","11,148.28","11,237.79","11,139.24","20.11M","0.20%"
"01/15/2024","11,207.51","11,239.13","11,264.72","11,202.35","13.39M","-0.17%"
"01/12/2024","11,226.40","11,193.42","11,255.02","11,172.67","19.46M","0.65%"
"01/11/2024","11,153.62","11,291.70","11,309.94","11,151.08","20.41M","-0.90%"
"01/10/2024","11,255.00","11,218.54","11,276.39","11,202.95","25.58M","0.06%"
"01/09/2024","11,248.65","11,228.45","11,261.42","11,192.12","19.82M","0.16%"
"01/08/2024","11,230.40","11,193.13","11,238.38","11,124.02","17.26M","0.40%"
"01/05/2024","11,185.90","11,173.36","11,216.35","11,113.75","17.15M","-0.34%"
"01/04/2024","11,224.37","11,200.90","11,224.37","11,139.16","21.97M","0.48%"
"01/03/2024","11,170.26","11,204.85","11,294.93","11,136.29","36.28M","0.29%"
"12/29/2023","11,137.79","11,099.41","11,143.59","11,085.70","14.05M","0.73%"
"12/28/2023","11,057.55","11,126.80","11,129.24","11,057.55","13.99M","-0.51%"
"12/27/2023","11,113.98","11,138.56","11,162.51","11,093.43","13.70M","-0.35%"
"12/22/2023","11,153.09","11,100.32","11,160.23","11,093.37","13.73M","0.18%"
"12/21/2023","11,132.60","11,125.61","11,141.58","11,064.29","17.43M","-0.11%"
"12/20/2023","11,144.88","11,160.37","11,191.30","11,121.05","21.36M","-0.01%"
"12/19/2023","11,146.43","11,165.96","11,189.06","11,136.95","28.81M","-0.08%"
"12/18/2023","11,155.80","11,142.54","11,205.55","11,137.18","21.65M","-0.32%"
"12/15/2023","11,191.89","11,218.99","11,229.56","11,154.64","65.34M","-0.16%"
"12/14/2023","11,209.95","11,277.98","11,333.91","11,162.57","36.30M","0.19%"
"12/13/2023","11,188.91","11,153.77","11,255.50","11,153.77","27.70M","0.34%"
"12/12/2023","11,151.22","11,129.53","11,168.18","11,119.69","27.46M","0.19%"
"12/11/2023","11,130.36","11,062.85","11,138.16","11,048.01","21.67M","0.53%"
"12/08/2023","11,071.77","10,974.79","11,089.73","10,961.52","22.91M","0.95%"
"12/07/2023","10,968.10","10,996.92","10,998.32","10,960.43","18.61M","-0.30%"
"12/06/2023","11,001.62","10,983.57","11,028.14","10,940.14","24.72M","0.34%"
"12/05/2023","10,964.81","10,931.21","10,979.14","10,915.76","23.71M","0.11%"
"12/04/2023","10,952.44","10,911.67","10,956.38","10,907.79","22.67M","0.60%"
"12/01/2023","10,887.36","10,888.57","10,935.49","10,851.92","30.76M","0.30%"
"11/30/2023","10,854.32","10,795.22","10,871.03","10,770.87","146.60M","0.48%"
"11/29/2023","10,802.88","10,763.72","10,835.48","10,761.64","24.82M","0.39%"
"11/28/2023","10,760.38","10,777.51","10,791.24","10,720.89","22.84M","-0.56%"
"11/27/2023","10,821.06","10,860.88","10,874.89","10,821.06","20.47M","-0.54%"
"11/24/2023","10,879.52","10,845.06","10,879.52","10,840.90","15.14M","0.26%"
"11/23/2023","10,851.62","10,817.59","10,853.52","10,806.18","12.30M","0.18%"
"11/22/2023","10,832.39","10,810.69","10,860.41","10,794.00","19.13M","0.47%"
"11/21/2023","10,782.23","10,748.73","10,794.32","10,737.65","19.52M","0.39%"
"11/20/2023","10,740.27","10,722.85","10,747.72","10,699.62","25.10M","0.03%"
"11/17/2023","10,737.37","10,687.94","10,763.96","10,680.84","30.01M","0.89%"
"11/16/2023","10,643.07","10,706.39","10,722.06","10,643.07","23.36M","-0.61%"
"11/15/2023","10,708.19","10,732.49","10,764.83","10,697.14","27.16M","-0.07%"
"11/14/2023","10,715.73","10,606.29","10,717.24","10,573.57","29.61M","1.18%"
"11/13/2023","10,590.39","10,574.03","10,603.07","10,540.33","23.44M","0.33%"
"11/10/2023","10,555.35","10,639.41","10,645.19","10,519.27","22.30M","-0.84%"
"11/09/2023","10,644.99","10,608.73","10,691.05","10,585.08","21.51M","0.47%"
"11/08/2023","10,595.06","10,542.53","10,645.22","10,530.51","27.28M","0.23%"
"11/07/2023","10,571.03","10,574.26","10,617.44","10,567.45","21.87M","-0.05%"
"11/06/2023","10,576.75","10,596.15","10,596.15","10,539.91","20.60M","-0.03%"
"11/03/2023","10,579.67","10,601.53","10,642.52","10,573.24","20.70M","-0.12%"
"11/02/2023","10,591.98","10,534.61","10,611.61","10,531.27","26.72M","0.84%"
"11/01/2023","10,503.89","10,453.52","10,542.61","10,424.47","23.49M","1.08%"
"10/31/2023","10,391.16","10,369.75","10,415.60","10,352.12","25.99M","0.09%"
"10/30/2023","10,382.19","10,377.86","10,411.19","10,351.13","18.61M","0.57%"
"10/27/2023","10,323.71","10,324.74","10,411.07","10,300.82","18.68M","-0.42%"
"10/26/2023","10,367.69","10,325.75","10,397.74","10,291.97","20.71M","-0.32%"
"10/25/2023","10,400.93","10,354.62","10,410.81","10,289.70","20.70M","0.23%"
"10/24/2023","10,376.81","10,336.19","10,385.66","10,275.64","18.58M","0.43%"
"10/23/2023","10,331.92","10,357.51","10,369.42","10,251.33","21.86M","-0.16%"
"10/20/2023","10,348.60","10,385.22","10,415.52","10,341.75","30.09M","-0.95%"
"10/19/2023","10,448.23","10,598.71","10,603.41","10,426.05","28.23M","-2.13%"
"10/18/2023","10,675.44","10,774.34","10,785.90","10,660.97","29.74M","-1.28%"
"10/17/2023","10,814.02","10,870.86","10,884.55","10,766.87","22.50M","-0.69%"
"10/16/2023","10,889.03","10,918.19","10,925.68","10,841.92","22.03M","-0.10%"
"10/13/2023","10,900.30","10,960.26","10,987.60","10,890.70","22.85M","-0.72%"
"10/12/2023","10,979.77","11,064.12","11,069.27","10,979.77","19.12M","-0.53%"
"10/11/2023","11,038.30","10,973.50","11,064.88","10,962.24","23.32M","0.33%"
"10/10/2023","11,001.69","10,907.07","11,009.70","10,895.82","23.33M","1.66%"
"10/09/2023","10,822.24","10,803.88","10,880.27","10,764.46","20.53M","-0.14%"
"10/06/2023","10,837.59","10,815.39","10,854.05","10,731.56","26.58M","0.50%"
"10/05/2023","10,783.15","10,788.10","10,834.55","10,744.84","20.28M","0.25%"
"10/04/2023","10,756.19","10,760.92","10,832.19","10,730.87","24.73M","-0.07%"
"10/03/2023","10,763.37","10,849.99","10,883.80","10,743.60","20.94M","-0.92%"
"10/02/2023","10,863.65","10,975.18","10,987.61","10,818.80","22.15M","-0.91%"
"09/29/2023","10,963.50","10,951.55","11,044.82","10,948.20","25.77M","0.42%"
"09/28/2023","10,917.79","10,893.50","10,917.79","10,814.94","20.22M","0.33%"
"09/27/2023","10,882.31","10,976.80","11,022.49","10,866.59","28.69M","-0.65%"
"09/26/2023","10,953.70","10,969.51","11,004.73","10,918.17","26.05M","-0.55%"
"09/25/2023","11,014.26","10,990.89","11,068.53","10,963.37","20.23M","0.00%"
"09/22/2023","11,014.76","11,027.09","11,055.31","10,987.23","19.24M","-0.63%"
"09/21/2023","11,084.74","11,106.29","11,219.56","11,074.47","23.07M","-0.62%"
"09/20/2023","11,154.11","11,115.39","11,169.02","11,091.09","21.35M","0.77%"
"09/19/2023","11,068.70","11,041.94","11,121.67","11,036.45","20.05M","-0.20%"
"09/18/2023","11,090.61","11,183.18","11,192.80","11,070.56","22.88M","-0.96%"
"09/15/2023","11,197.72","11,182.55","11,244.12","11,182.55","77.18M","0.90%"
"09/14/2023","11,098.32","10,975.60","11,103.21","10,975.07","20.71M","1.11%"
"09/13/2023","10,976.38","10,955.71","11,000.52","10,901.85","20.26M","-0.10%"
"09/12/2023","10,987.13","11,002.78","11,055.38","10,987.13","17.92M","0.14%"
"09/11/2023","10,972.21","10,987.13","11,024.26","10,931.11","17.85M","0.22%"
"09/08/2023","10,948.59","10,977.94","10,998.54","10,911.43","19.71M","-0.41%"
"09/07/2023","10,993.43","10,890.87","10,993.43","10,890.87","22.24M","0.63%"
"09/06/2023","10,924.42","10,906.71","10,948.62","10,859.02","22.22M","-0.31%"
"09/05/2023","10,958.90","11,005.48","11,024.57","10,953.57","18.98M","-0.86%"
"09/04/2023","11,053.59","11,094.94","11,141.31","11,045.33","15.68M","-0.19%"
"09/01/2023","11,075.15","11,100.55","11,133.63","11,069.45","22.82M","-0.46%"
"08/31/2023","11,125.95","11,123.93","11,172.69","11,106.24","61.19M","0.32%"
"08/30/2023","11,090.22","11,112.00","11,130.25","11,068.00","21.24M","-0.14%"
"08/29/2023","11,106.24","11,064.47","11,107.44","11,033.38","20.43M","0.67%"
"08/28/2023","11,032.76","11,029.17","11,060.38","11,022.98","16.44M","0.69%"
"08/25/2023","10,956.90","10,960.05","11,008.85","10,928.00","18.23M","-0.18%"
"08/24/2023","10,976.83","11,025.44","11,054.89","10,966.71","24.41M","0.03%"
"08/23/2023","10,973.64","10,929.41","11,021.56","10,925.13","19.66M","0.90%"
"08/22/2023","10,875.68","10,883.55","10,942.69","10,872.98","20.19M","0.25%"
"08/21/2023","10,848.34","10,842.63","10,926.01","10,842.63","17.81M","0.09%"
"08/18/2023","10,839.06","10,863.53","10,870.27","10,749.38","23.61M","-0.42%"
"08/17/2023","10,884.89","10,943.37","10,951.87","10,876.46","22.96M","-0.98%"
"08/16/2023","10,992.31","10,971.14","11,028.54","10,971.14","20.67M","0.06%"
"08/15/2023","10,985.22","11,086.88","11,097.54","10,956.38","20.33M","-1.12%"
"08/14/2023","11,110.11","11,084.22","11,125.75","11,064.87","17.57M","0.26%"
"08/11/2023","11,081.63","11,133.03","11,162.45","11,050.62","28.79M","-0.61%"
"08/10/2023","11,149.79","11,122.63","11,189.10","11,106.90","19.52M","0.62%"
"08/09/2023","11,081.54","11,115.06","11,146.22","11,081.54","17.39M","0.22%"
"08/08/2023","11,057.32","11,074.81","11,130.87","11,044.72","18.62M","-0.45%"
"08/07/2023","11,107.47","11,084.53","11,118.90","11,058.52","15.50M","0.08%"
"08/04/2023","11,098.48","11,077.87","11,101.41","11,009.02","17.58M","0.10%"
"08/03/2023","11,087.18","11,158.24","11,158.53","11,060.74","20.58M","-1.12%"
"08/02/2023","11,212.70","11,154.53","11,244.64","11,130.71","25.31M","-0.85%"
"07/31/2023","11,309.25","11,314.29","11,349.37","11,308.02","19.54M","-0.08%"
"07/28/2023","11,317.74","11,326.25","11,364.99","11,301.12","17.92M","-0.49%"
"07/27/2023","11,373.21","11,222.60","11,399.49","11,220.80","25.75M","1.70%"
"07/26/2023","11,183.55","11,223.96","11,242.69","11,116.54","19.73M","-0.43%"
"07/25/2023","11,231.41","11,194.80","11,245.86","11,159.15","18.50M","0.48%"
"07/24/2023","11,177.68","11,203.23","11,238.62","11,164.30","17.21M","-0.27%"
"07/21/2023","11,207.38","11,232.09","11,246.30","11,167.33","19.20M","0.05%"
"07/20/2023","11,201.55","11,096.59","11,216.81","11,087.67","21.37M","0.73%"
"07/19/2023","11,120.15","11,123.59","11,161.84","11,119.02","18.95M","0.15%"
"07/18/2023","11,103.55","10,998.09","11,120.88","10,993.01","18.59M","1.16%"
"07/17/2023","10,976.20","11,119.42","11,122.42","10,975.51","18.46M","-1.21%"
"07/14/2023","11,110.19","11,030.43","11,114.37","11,030.43","18.58M","0.80%"
"07/13/2023","11,021.66","11,016.44","11,076.17","11,013.04","14.36M","0.02%"
"07/12/2023","11,019.03","10,972.12","11,039.92","10,953.00","19.09M","0.51%"
"07/11/2023","10,962.59","10,928.41","10,975.59","10,904.11","18.53M","0.37%"
"07/10/2023","10,922.01","10,865.25","10,952.15","10,859.43","19.55M","0.43%"
"07/07/2023","10,874.90","10,959.89","10,996.26","10,851.84","20.55M","-1.02%"
"07/06/2023","10,986.78","11,112.21","11,121.92","10,967.57","22.74M","-1.85%"
"07/05/2023","11,193.92","11,189.10","11,214.91","11,159.50","21.35M","-0.21%"
"07/04/2023","11,217.34","11,236.06","11,261.31","11,208.28","13.47M","-0.02%"
"07/03/2023","11,219.15","11,288.15","11,332.26","11,217.03","18.72M","-0.54%"
"06/30/2023","11,280.29","11,204.93","11,309.04","11,203.26","27.78M","0.98%"
"06/29/2023","11,170.51","11,194.48","11,203.42","11,156.85","16.67M","-0.12%"
"06/28/2023","11,183.55","11,233.66","11,242.53","11,167.64","20.77M","0.37%"
"06/27/2023","11,142.65","11,167.88","11,184.96","11,113.00","17.88M","0.01%"
"06/26/2023","11,141.90","11,205.20","11,205.20","11,136.39","19.54M","-0.71%"
"06/23/2023","11,221.22","11,177.09","11,263.74","11,175.05","17.11M","0.34%"
"06/22/2023","11,183.42","11,102.11","11,183.42","11,070.61","19.07M","0.09%"
"06/21/2023","11,173.65","11,196.62","11,243.96","11,164.28","20.00M","-0.38%"
"06/20/2023","11,215.91","11,271.57","11,315.73","11,215.91","25.09M","-0.80%"
"06/19/2023","11,306.64","11,360.21","11,361.67","11,291.13","16.16M","-0.70%"
"06/16/2023","11,386.26","11,317.44","11,448.69","11,309.36","59.91M","0.74%"
"06/15/2023","11,302.83","11,273.08","11,305.93","11,249.85","22.63M","0.22%"
"06/14/2023","11,278.30","11,317.93","11,356.35","11,259.23","28.80M","-0.43%"
"06/13/2023","11,327.27","11,340.02","11,348.15","11,275.51","23.06M","0.23%"
"06/12/2023","11,301.25","11,343.15","11,343.18","11,296.43","67.61M","0.42%"
"06/09/2023","11,254.42","11,317.79","11,321.23","11,238.63","42.15M","-0.48%"
"06/08/2023","11,308.90","11,348.45","11,368.52","11,294.85","42.95M","-0.35%"
"06/07/2023","11,348.11","11,424.33","11,440.84","11,343.31","40.74M","-1.05%"
"06/06/2023","11,468.27","11,425.97","11,490.78","11,397.21","42.10M","0.47%"
"06/05/2023","11,415.00","11,467.77","11,487.82","11,412.61","36.81M","-0.25%"
"06/02/2023","11,443.35","11,325.81","11,446.46","11,321.05","37.05M","1.30%"
"06/01/2023","11,296.28","11,266.31","11,324.54","11,246.19","41.42M","0.70%"
"05/31/2023","11,217.89","11,241.80","11,348.23","11,194.94","298.29M","-0.57%"
"05/30/2023","11,282.45","11,404.41","11,428.02","11,282.45","50.20M","-1.33%"
"05/26/2023","11,434.24","11,353.34","11,464.34","11,313.88","38.91M","0.96%"
"05/25/2023","11,325.26","11,365.62","11,374.02","11,307.58","30.22M","-0.51%"
"05/24/2023","11,383.14","11,432.86","11,447.78","11,349.13","32.55M","-0.89%"
"05/23/2023","11,484.90","11,494.97","11,561.39","11,484.90","31.29M","-0.59%"
"05/22/2023","11,553.23","11,558.88","11,591.00","11,533.47","29.54M","-0.15%"
"05/19/2023","11,571.16","11,496.81","11,607.89","11,482.54","57.31M","1.17%"
"05/17/2023","11,437.78","11,478.23","11,497.31","11,432.25","31.21M","-0.71%"
"05/16/2023","11,519.87","11,548.08","11,568.33","11,497.76","32.04M","-0.50%"
"05/15/2023","11,578.25","11,601.54","11,616.37","11,564.24","23.43M","0.12%"
"05/12/2023","11,564.73","11,578.64","11,606.10","11,539.79","26.04M","0.36%"
"05/11/2023","11,522.97","11,494.23","11,540.16","11,452.05","43.07M","0.66%"
"05/10/2023","11,447.23","11,522.75","11,543.30","11,421.38","32.89M","-0.86%"
"05/09/2023","11,546.04","11,566.53","11,568.97","11,486.14","34.92M","-0.42%"
"05/08/2023","11,595.25","11,546.25","11,606.88","11,537.21","21.83M","0.35%"
"05/05/2023","11,554.24","11,494.85","11,554.24","11,448.50","33.46M","0.85%"
"05/04/2023","11,456.37","11,450.15","11,487.91","11,418.25","46.16M","-0.43%"
"05/03/2023","11,506.19","11,463.43","11,508.78","11,435.54","37.31M","0.73%"
"05/02/2023","11,423.33","11,460.05","11,514.17","11,411.42","38.26M","-0.12%"
"04/28/2023","11,437.14","11,401.04","11,444.00","11,378.82","38.56M","0.66%"
"04/27/2023","11,361.89","11,366.11","11,414.07","11,336.08","33.48M","-0.03%"
"04/26/2023","11,364.91","11,433.47","11,445.47","11,337.44","52.02M","-1.29%"
"04/25/2023","11,513.12","11,468.54","11,549.03","11,458.63","59.60M","0.40%"
"04/24/2023","11,467.20","11,435.63","11,483.16","11,434.52","40.61M","0.06%"
"04/21/2023","11,460.58","11,402.55","11,460.58","11,371.42","53.58M","0.61%"
"04/20/2023","11,390.64","11,330.80","11,393.04","11,325.50","40.80M","0.21%"
"04/19/2023","11,366.22","11,332.35","11,377.85","11,330.77","43.42M","0.06%"
"04/18/2023","11,358.98","11,332.58","11,392.73","11,320.82","36.76M","0.42%"
"04/17/2023","11,311.76","11,337.18","11,342.46","11,296.96","47.06M","-0.27%"
"04/14/2023","11,342.86","11,276.43","11,368.38","11,268.31","50.49M","0.75%"
"04/13/2023","11,258.95","11,234.87","11,288.29","11,222.05","46.02M","0.24%"
"04/12/2023","11,231.99","11,238.55","11,309.55","11,216.73","61.57M","-0.30%"
"04/11/2023","11,265.30","11,288.52","11,306.25","11,223.98","47.17M","0.31%"
"04/06/2023","11,230.07","11,146.63","11,239.59","11,146.63","48.21M","1.03%"
"04/05/2023","11,115.40","11,059.52","11,134.16","11,042.76","41.60M","0.38%"
"04/04/2023","11,073.48","11,114.49","11,124.14","11,064.44","42.65M","-0.18%"
"04/03/2023","11,093.09","11,112.31","11,119.60","11,049.57","53.56M","-0.12%"
"03/31/2023","11,106.24","11,047.29","11,116.03","11,041.57","56.88M","0.67%"
"03/30/2023","11,032.21","11,013.49","11,049.21","10,985.23","67.58M","0.63%"
"03/29/2023","10,963.31","10,890.53","10,984.92","10,882.78","91.27M","1.15%"
"03/28/2023","10,839.11","10,835.83","10,857.61","10,804.76","60.42M","0.49%"
"03/27/2023","10,786.22","10,785.28","10,817.72","10,722.97","63.07M","1.43%"
"03/24/2023","10,634.04","10,655.18","10,669.04","10,561.63","100.79M","-0.79%"
"03/23/2023","10,718.54","10,723.73","10,729.21","10,653.96","80.66M","-0.59%"
"03/22/2023","10,782.28","10,788.61","10,846.70","10,763.41","106.04M","-0.10%"
"03/21/2023","10,792.58","10,740.36","10,814.48","10,731.90","162.34M","1.40%"
"03/20/2023","10,643.64","10,571.09","10,689.76","10,395.33","415.97M","0.28%"
"03/17/2023","10,613.55","10,783.76","10,794.33","10,566.90","251.68M","-0.98%"
"03/16/2023","10,719.10","10,609.70","10,719.10","10,524.37","279.17M","1.93%"
"03/15/2023","10,516.40","10,716.78","10,720.78","10,460.34","360.88M","-1.87%"
"03/14/2023","10,716.72","10,643.38","10,728.66","10,593.55","119.15M","0.80%"
"03/13/2023","10,632.05","10,735.78","10,739.62","10,538.35","170.95M","-1.24%"
"03/10/2023","10,765.26","10,860.73","10,880.77","10,720.08","102.11M","-1.68%"
"03/09/2023","10,948.85","10,963.87","10,975.39","10,908.34","58.80M","-0.69%"
"03/08/2023","11,025.26","11,016.85","11,044.82","10,995.92","44.63M","-0.35%"
"03/07/2023","11,064.08","11,122.05","11,181.68","11,064.08","39.64M","-0.75%"
"03/06/2023","11,147.25","11,173.40","11,203.67","11,137.94","43.90M","-0.38%"
"03/03/2023","11,190.09","11,192.67","11,194.41","11,134.81","59.69M","0.22%"
"03/02/2023","11,165.58","11,005.22","11,168.83","10,994.16","83.24M","0.99%"
"03/01/2023","11,056.08","11,091.90","11,141.12","11,040.23","47.47M","-0.38%"
"02/28/2023","11,098.35","11,183.25","11,220.15","11,098.35","63.10M","-1.08%"
"02/27/2023","11,219.93","11,215.62","11,272.69","11,215.62","44.26M","0.34%"
"02/24/2023","11,181.77","11,297.50","11,315.18","11,141.68","37.14M","-0.59%"
"02/23/2023","11,247.75","11,317.12","11,320.10","11,246.68","43.82M","-0.46%"
"02/22/2023","11,300.29","11,266.65","11,333.85","11,197.77","43.33M","0.16%"
"02/21/2023","11,282.16","11,251.55","11,292.72","11,164.10","76.33M","0.14%"
"02/20/2023","11,266.68","11,286.28","11,291.70","11,247.40","36.17M","0.09%"
"02/17/2023","11,256.29","11,153.28","11,277.38","11,116.71","47.40M","0.55%"
"02/16/2023","11,194.91","11,309.84","11,320.54","11,154.11","56.28M","-0.69%"
"02/15/2023","11,272.67","11,206.11","11,285.37","11,195.10","40.60M","0.36%"
"02/14/2023","11,231.91","11,233.17","11,308.91","11,216.64","47.97M","0.20%"
"02/13/2023","11,209.34","11,144.95","11,214.52","11,141.39","49.71M","0.71%"
"02/10/2023","11,130.46","11,146.51","11,172.18","11,034.48","76.23M","-0.78%"
"02/09/2023","11,217.73","11,313.61","11,336.22","11,215.72","152.37M","-0.52%"
"02/08/2023","11,276.28","11,358.64","11,361.73","11,271.45","51.90M","0.38%"
"02/07/2023","11,233.87","11,290.26","11,304.70","11,217.18","40.57M","-0.44%"
"02/06/2023","11,283.25","11,305.51","11,307.48","11,229.48","48.62M","-0.58%"
"02/03/2023","11,349.39","11,192.71","11,355.45","11,181.96","54.12M","1.44%"
"02/02/2023","11,188.42","11,224.08","11,279.81","11,146.45","76.60M","-0.11%"
"02/01/2023","11,200.93","11,299.53","11,301.31","11,180.26","54.01M","-0.75%"
"01/31/2023","11,285.78","11,358.75","11,358.75","11,238.81","58.61M","-0.82%"
"01/30/2023","11,379.64","11,296.53","11,397.53","11,287.93","46.42M","0.42%"
"01/27/2023","11,332.30","11,339.60","11,359.46","11,296.15","50.19M","0.13%"
"01/26/2023","11,317.56","11,425.41","11,441.10","11,317.56","55.35M","-0.76%"
"01/25/2023","11,404.77","11,386.57","11,404.77","11,327.93","39.77M","-0.01%"
"01/24/2023","11,406.29","11,413.75","11,436.79","11,368.81","53.57M","0.00%"
"01/23/2023","11,406.27","11,319.58","11,406.90","11,290.90","43.97M","0.98%"
"01/20/2023","11,295.02","11,294.72","11,320.38","11,274.43","45.43M","0.32%"
"01/19/2023","11,258.97","11,314.21","11,372.58","11,258.97","65.19M","-0.95%"
"01/18/2023","11,366.62","11,381.20","11,423.07","11,352.88","53.38M","-0.31%"
"01/17/2023","11,401.99","11,417.53","11,453.64","11,376.31","44.16M","-0.30%"
"01/16/2023","11,435.99","11,318.52","11,435.99","11,307.97","39.91M","1.29%"
"01/13/2023","11,290.79","11,307.41","11,342.60","11,251.26","49.35M","0.03%"
"01/12/2023","11,287.82","11,304.08","11,328.80","11,247.96","56.22M","0.37%"
"01/11/2023","11,246.01","11,174.08","11,306.31","11,124.92","60.81M","0.75%"
"01/10/2023","11,162.15","11,123.58","11,180.51","11,108.18","38.96M","-0.45%"
"01/09/2023","11,212.57","11,171.42","11,234.13","11,152.04","50.37M","0.61%"
"01/06/2023","11,144.54","11,068.62","11,147.87","11,048.14","34.82M","0.79%"
"01/05/2023","11,057.39","11,093.61","11,112.50","11,048.09","44.81M","-0.74%"
"01/04/2023","11,140.27","11,020.74","11,140.27","11,015.91","51.91M","1.47%"
"01/03/2023","10,978.64","10,853.91","11,004.46","10,822.76","53.48M","2.32%"
"12/30/2022","10,729.40","10,809.16","10,830.36","10,729.40","32.55M","-1.18%"
"12/29/2022","10,857.35","10,744.02","10,869.90","10,737.90","25.22M","0.41%"
"12/28/2022","10,812.67","10,825.66","10,854.90","10,803.10","27.53M","-0.24%"
"12/27/2022","10,839.22","10,834.14","10,876.38","10,817.48","21.24M","0.32%"
"12/23/2022","10,804.68","10,804.30","10,843.73","10,761.29","29.38M","0.28%"
"12/22/2022","10,774.64","10,850.66","10,890.43","10,760.44","34.75M","-0.65%"
"12/21/2022","10,845.59","10,699.07","10,845.59","10,690.97","37.10M","1.75%"
"12/20/2022","10,659.19","10,696.58","10,728.77","10,659.19","50.58M","-1.06%"
"12/19/2022","10,773.23","10,790.24","10,837.94","10,760.27","43.02M","0.03%"
"12/16/2022","10,770.38","10,895.40","10,913.65","10,746.37","118.07M","-1.01%"
"12/15/2022","10,880.14","11,093.14","11,093.14","10,880.14","63.34M","-2.51%"
"12/14/2022","11,160.69","11,110.09","11,175.45","11,079.52","55.33M","0.22%"
"12/13/2022","11,136.62","11,070.62","11,223.47","11,014.16","53.41M","0.93%"
"12/12/2022","11,033.64","11,037.36","11,050.30","10,989.77","46.64M","-0.31%"
"12/09/2022","11,068.30","11,010.70","11,101.33","10,980.80","68.18M","0.58%"
"12/08/2022","11,004.53","11,022.16","11,035.96","10,940.27","44.41M","-0.05%"
"12/07/2022","11,009.95","11,062.09","11,077.77","11,000.64","45.71M","-0.89%"
"12/06/2022","11,109.33","11,185.68","11,208.11","11,085.28","106.88M","-0.76%"
"12/05/2022","11,194.67","11,196.47","11,239.76","11,170.93","107.45M","-0.03%"
"12/02/2022","11,198.13","11,206.53","11,234.25","11,122.68","113.72M","-0.36%"
"12/01/2022","11,238.20","11,215.50","11,283.87","11,207.56","95.24M","0.99%"
"11/30/2022","11,127.77","11,143.07","11,204.88","11,127.77","122.26M","0.45%"
"11/29/2022","11,077.81","11,160.09","11,176.97","11,071.56","90.09M","-0.76%"
"11/28/2022","11,162.16","11,147.67","11,199.19","11,115.37","78.93M","-0.05%"
"11/25/2022","11,168.03","11,166.33","11,188.29","11,140.38","67.76M","0.09%"
"11/24/2022","11,157.56","11,088.62","11,175.27","11,085.38","37.17M","0.57%"
"11/23/2022","11,094.46","11,077.54","11,104.13","11,066.04","48.21M","0.18%"
"11/22/2022","11,074.30","11,074.93","11,104.84","11,046.82","29.67M","-0.10%"
"11/21/2022","11,085.04","11,022.75","11,101.92","11,019.98","34.49M","0.36%"
"11/18/2022","11,045.49","10,991.63","11,063.88","10,949.42","44.29M","1.17%"
"11/17/2022","10,917.88","10,962.28","10,993.11","10,838.80","32.55M","-0.17%"
"11/16/2022","10,936.62","11,022.35","11,022.35","10,922.45","36.69M","-0.81%"
"11/15/2022","11,026.22","11,008.89","11,087.42","10,991.74","40.18M","0.24%"
"11/14/2022","10,999.59","11,116.31","11,129.50","10,993.10","42.00M","-1.15%"
"11/11/2022","11,127.15","11,091.16","11,252.16","11,087.91","68.83M","0.06%"
"11/10/2022","11,120.49","10,882.09","11,147.68","10,846.41","50.12M","1.98%"
"11/09/2022","10,904.33","10,813.68","10,911.45","10,803.04","35.71M","0.71%"
"11/08/2022","10,827.04","10,725.88","10,845.27","10,718.32","39.26M","0.71%"
"11/07/2022","10,750.39","10,751.99","10,806.62","10,712.88","34.50M","-0.35%"
"11/04/2022","10,787.77","10,727.83","10,852.48","10,707.62","40.55M","0.72%"
"11/03/2022","10,710.59","10,724.78","10,741.52","10,633.38","32.62M","-0.89%"
"11/02/2022","10,806.23","10,821.72","10,864.62","10,766.77","32.98M","0.21%"
"11/01/2022","10,783.65","10,870.09","10,926.54","10,755.33","33.82M","-0.41%"
"10/31/2022","10,827.93","10,794.96","10,850.31","10,746.19","52.60M","0.52%"
"10/28/2022","10,772.37","10,649.15","10,783.54","10,635.05","50.16M","0.61%"
"10/27/2022","10,706.62","10,787.27","10,789.95","10,702.49","89.64M","-1.02%"
"10/26/2022","10,817.21","10,760.36","10,821.29","10,689.81","40.67M","0.41%"
"10/25/2022","10,773.34","10,639.96","10,773.76","10,629.55","46.79M","1.68%"
"10/24/2022","10,595.53","10,489.80","10,628.79","10,472.38","40.97M","1.70%"
"10/21/2022","10,418.60","10,387.13","10,461.54","10,319.86","44.98M","-0.52%"
"10/20/2022","10,473.45","10,461.95","10,502.14","10,426.20","34.66M","-0.10%"
"10/19/2022","10,484.14","10,582.74","10,591.90","10,484.14","35.40M","-0.89%"
"10/18/2022","10,578.76","10,513.99","10,645.71","10,513.97","41.71M","0.76%"
"10/17/2022","10,498.71","10,326.92","10,538.32","10,296.17","38.22M","1.64%"
"10/14/2022","10,329.34","10,322.40","10,460.11","10,305.74","51.18M","0.99%"
"10/13/2022","10,227.90","10,129.03","10,227.90","10,010.78","48.07M","0.28%"
"10/12/2022","10,199.32","10,198.89","10,249.91","10,139.66","39.31M","-0.08%"
"10/11/2022","10,207.83","10,199.77","10,230.45","10,122.51","39.79M","-0.53%"
"10/10/2022","10,262.52","10,238.88","10,290.71","10,200.24","46.92M","-0.45%"
"10/07/2022","10,308.57","10,343.45","10,439.88","10,297.19","47.89M","-0.79%"
"10/06/2022","10,391.13","10,506.11","10,525.38","10,358.78","49.48M","-0.83%"
"10/05/2022","10,477.69","10,532.17","10,593.56","10,449.53","46.79M","-1.07%"
"10/04/2022","10,590.92","10,367.47","10,590.92","10,355.75","57.99M","2.92%"
"10/03/2022","10,290.71","10,182.27","10,290.71","10,097.84","69.77M","0.23%"
"09/30/2022","10,267.55","10,174.22","10,275.86","10,155.65","45.45M","1.39%"
"09/29/2022","10,126.99","10,159.40","10,166.07","10,041.52","49.27M","-0.92%"
"09/28/2022","10,220.76","10,065.21","10,220.76","10,059.79","66.47M","0.93%"
"09/27/2022","10,126.43","10,120.56","10,201.23","10,108.85","47.26M","0.53%"
"09/26/2022","10,072.62","10,131.54","10,160.89","10,015.37","49.66M","-0.64%"
"09/23/2022","10,137.78","10,276.65","10,322.19","10,091.87","68.99M","-1.55%"
"09/22/2022","10,297.65","10,268.67","10,458.10","10,266.70","49.47M","-1.26%"
"09/21/2022","10,429.40","10,415.67","10,450.62","10,380.48","31.95M","-0.45%"
"09/20/2022","10,476.54","10,648.17","10,690.84","10,476.54","32.53M","-1.32%"
"09/19/2022","10,617.01","10,588.18","10,645.39","10,520.90","29.77M","0.06%"
"09/16/2022","10,610.65","10,692.80","10,750.95","10,610.65","105.56M","-1.27%"
"09/15/2022","10,746.70","10,762.95","10,837.10","10,714.59","32.70M","-0.07%"
"09/14/2022","10,754.40","10,840.36","10,872.76","10,727.43","39.10M","-1.26%"
"09/13/2022","10,891.54","11,034.08","11,083.49","10,891.54","41.21M","-0.90%"
"09/12/2022","10,990.75","10,928.60","11,013.98","10,901.12","34.48M","0.83%"
"09/09/2022","10,900.24","10,814.39","10,940.52","10,793.24","31.98M","1.02%"
"09/08/2022","10,790.32","10,849.33","10,867.83","10,667.43","32.64M","-0.14%"
"09/07/2022","10,805.16","10,799.63","10,841.62","10,727.12","28.11M","-0.27%"
"09/06/2022","10,834.18","10,819.78","10,930.48","10,780.12","26.48M","0.14%"
"09/05/2022","10,819.54","10,742.15","10,837.23","10,686.59","26.02M","-0.66%"
"09/02/2022","10,891.71","10,720.46","10,897.06","10,713.25","37.12M","2.14%"
"09/01/2022","10,663.44","10,768.61","10,778.93","10,652.28","36.87M","-1.76%"
"08/31/2022","10,855.03","10,898.13","10,949.60","10,816.54","39.44M","-0.27%"
"08/30/2022","10,884.95","10,914.18","11,007.86","10,865.82","24.86M","-0.11%"
"08/29/2022","10,896.74","10,882.90","10,938.17","10,840.61","24.44M","-0.42%"
"08/26/2022","10,942.16","11,095.69","11,102.50","10,930.37","26.91M","-1.10%"
"08/25/2022","11,063.88","11,056.95","11,122.18","10,975.51","24.99M","0.46%"
"08/24/2022","11,012.87","10,925.64","11,020.44","10,895.27","28.57M","0.73%"
"08/23/2022","10,933.06","11,021.23","11,046.46","10,921.85","28.73M","-1.38%"
"08/22/2022","11,085.84","11,105.65","11,144.60","11,052.39","31.92M","-0.64%"
"08/19/2022","11,156.72","11,125.80","11,241.18","11,125.80","33.74M","-0.10%"
"08/18/2022","11,167.59","11,107.70","11,186.50","11,090.08","20.22M","0.35%"
"08/17/2022","11,128.19","11,137.84","11,192.68","11,114.60","58.81M","-0.02%"
"08/16/2022","11,130.44","11,182.59","11,185.92","11,085.13","22.81M","-0.37%"
"08/15/2022","11,171.54","11,157.22","11,188.98","11,104.00","20.94M","0.39%"
"08/12/2022","11,128.24","11,130.91","11,178.04","11,110.80","29.58M","-0.24%"
"08/11/2022","11,154.58","11,192.57","11,205.01","11,114.72","37.48M","0.00%"
"08/10/2022","11,155.10","11,089.52","11,170.46","11,065.11","33.52M","0.20%"
"08/09/2022","11,132.48","11,135.33","11,177.37","11,100.66","37.40M","-0.30%"
"08/08/2022","11,166.32","11,178.94","11,210.14","11,144.77","28.17M","0.39%"
"08/05/2022","11,123.07","11,176.01","11,220.47","11,112.17","27.58M","-0.71%"
"08/04/2022","11,202.66","11,153.89","11,230.08","11,151.08","34.66M","0.21%"
"08/03/2022","11,178.99","11,076.07","11,200.36","11,054.02","29.07M","0.55%"
"08/02/2022","11,118.10","11,118.11","11,135.96","11,019.63","41.98M","-0.25%"
"07/29/2022","11,145.91","11,174.45","11,216.76","11,145.91","45.62M","0.15%"
"07/28/2022","11,129.33","11,084.68","11,129.33","11,041.17","44.58M","0.66%"
"07/27/2022","11,056.74","11,134.47","11,138.03","11,056.74","51.49M","-0.41%"
"07/26/2022","11,102.31","11,142.00","11,144.32","11,074.15","49.82M","-0.24%"
"07/25/2022","11,129.35","11,034.33","11,156.32","11,029.69","32.42M","0.30%"
"07/22/2022","11,096.12","11,095.26","11,178.03","11,075.97","28.08M","-0.35%"
"07/21/2022","11,134.74","11,019.43","11,134.74","11,002.17","37.65M","0.68%"
"07/20/2022","11,059.49","11,151.90","11,188.31","11,052.95","28.16M","-0.56%"
"07/19/2022","11,122.08","10,959.95","11,143.06","10,939.51","36.10M","1.02%"
"07/18/2022","11,010.18","11,001.93","11,114.78","10,993.31","32.81M","0.26%"
"07/15/2022","10,982.09","10,842.34","10,982.09","10,797.90","48.09M","1.69%"
"07/14/2022","10,799.52","10,877.19","10,883.22","10,755.46","36.80M","-0.97%"
"07/13/2022","10,904.85","10,991.88","10,991.88","10,805.39","39.55M","-1.49%"
"07/12/2022","11,069.83","10,969.53","11,069.83","10,925.90","29.16M","0.39%"
"07/11/2022","11,027.16","10,891.17","11,027.50","10,879.25","25.56M","0.11%"
"07/08/2022","11,015.03","10,935.29","11,030.00","10,882.86","35.62M","0.68%"
"07/07/2022","10,940.98","10,911.02","10,988.42","10,859.59","36.86M","0.93%"
"07/06/2022","10,840.60","10,823.86","10,896.68","10,780.12","38.34M","1.29%"
"07/05/2022","10,702.50","10,907.28","10,916.20","10,702.50","43.85M","-1.65%"
"07/04/2022","10,881.97","10,835.67","10,918.88","10,833.82","25.03M","1.04%"
"07/01/2022","10,770.40","10,647.02","10,815.39","10,631.55","30.96M","0.27%"
"06/30/2022","10,741.21","10,708.90","10,741.21","10,606.51","53.67M","-0.65%"
"06/29/2022","10,811.75","10,708.07","10,811.75","10,662.59","35.77M","0.02%"
"06/28/2022","10,809.57","10,921.06","10,933.74","10,802.80","34.67M","-0.89%"
"06/27/2022","10,906.82","10,873.43","10,921.03","10,826.92","42.38M","0.77%"
"06/24/2022","10,823.12","10,507.83","10,823.12","10,503.30","50.57M","3.54%"
"06/23/2022","10,453.31","10,468.75","10,521.71","10,404.77","39.93M","-0.71%"
"06/22/2022","10,528.34","10,372.89","10,543.01","10,349.65","42.13M","0.46%"
"06/21/2022","10,479.84","10,519.40","10,578.03","10,479.84","32.84M","-0.06%"
"06/20/2022","10,485.91","10,450.50","10,485.91","10,392.10","27.53M","0.33%"
"06/17/2022","10,451.31","10,482.70","10,592.12","10,424.81","116.51M","-0.23%"
"06/16/2022","10,475.37","10,722.75","10,735.05","10,441.62","65.60M","-2.86%"
"06/15/2022","10,783.59","10,778.81","10,850.17","10,682.70","48.50M","0.79%"
"06/14/2022","10,699.07","10,920.67","10,940.32","10,699.07","51.21M","-1.81%"
"06/13/2022","10,896.25","10,963.72","11,020.23","10,855.25","51.35M","-1.70%"
"06/10/2022","11,084.62","11,248.82","11,248.82","11,018.56","54.67M","-2.10%"
"06/09/2022","11,322.43","11,434.10","11,478.38","11,322.43","61.76M","-1.26%"
"06/08/2022","11,467.39","11,546.74","11,549.67","11,411.43","84.82M","-0.58%"
"06/07/2022","11,534.18","11,563.68","11,575.77","11,493.48","33.80M","0.04%"
"06/03/2022","11,529.16","11,605.72","11,615.40","11,524.05","24.16M","-0.18%"
"06/02/2022","11,550.20","11,502.58","11,571.42","11,501.32","24.76M","0.49%"
"06/01/2022","11,494.12","11,682.24","11,692.66","11,494.12","33.02M","-1.01%"
"05/31/2022","11,611.38","11,686.27","11,718.91","11,597.39","74.16M","-1.06%"
"05/30/2022","11,736.26","11,707.77","11,751.16","11,673.19","30.80M","0.76%"
"05/27/2022","11,647.17","11,566.00","11,657.24","11,501.03","41.90M","1.35%"
"05/25/2022","11,491.80","11,548.39","11,576.56","11,468.94","33.78M","0.07%"
"05/24/2022","11,483.56","11,391.65","11,532.03","11,383.28","38.51M","0.15%"
"05/23/2022","11,466.28","11,438.99","11,466.28","11,348.75","40.40M","1.39%"
"05/20/2022","11,308.98","11,410.43","11,419.62","11,286.52","46.45M","0.00%"
"05/19/2022","11,309.49","11,464.20","11,465.84","11,233.72","47.44M","-2.33%"
"05/18/2022","11,579.14","11,736.04","11,783.13","11,579.14","39.12M","-1.29%"
"05/17/2022","11,730.44","11,740.06","11,808.01","11,687.37","34.92M","0.50%"
"05/16/2022","11,672.23","11,622.49","11,721.57","11,584.56","38.60M","0.19%"
"05/13/2022","11,650.42","11,544.51","11,650.42","11,529.80","40.33M","1.25%"
"05/12/2022","11,506.13","11,380.43","11,548.93","11,288.02","52.08M","-0.41%"
"05/11/2022","11,553.66","11,536.00","11,568.60","11,408.96","49.96M","0.10%"
"05/10/2022","11,541.72","11,526.71","11,655.62","11,478.76","44.94M","0.85%"
"05/09/2022","11,444.18","11,669.37","11,701.87","11,444.18","44.84M","-2.44%"
"05/06/2022","11,730.42","11,843.99","11,866.63","11,671.48","42.18M","-1.24%"
"05/05/2022","11,877.27","12,009.00","12,048.14","11,857.63","45.77M","-0.03%"
"05/04/2022","11,880.24","11,971.41","11,994.33","11,880.24","35.60M","-1.01%"
"05/03/2022","12,001.88","12,003.59","12,067.74","11,937.15","43.38M","0.25%"
"05/02/2022","11,971.73","12,081.23","12,097.98","11,863.63","37.04M","-1.29%"
"04/29/2022","12,128.76","12,134.14","12,219.51","12,117.56","37.56M","0.50%"
"04/28/2022","12,068.41","12,097.77","12,171.59","12,033.86","42.64M","0.14%"
"04/27/2022","12,051.48","11,924.96","12,082.89","11,814.84","54.13M","0.99%"
"04/26/2022","11,933.28","12,159.70","12,173.90","11,933.28","55.36M","-1.26%"
"04/25/2022","12,084.98","12,046.01","12,169.64","12,029.55","49.12M","-1.41%"
"04/22/2022","12,258.33","12,214.32","12,316.74","12,203.61","42.21M","-0.35%"
"04/21/2022","12,301.33","12,366.91","12,424.16","12,301.33","45.64M","-0.07%"
"04/20/2022","12,310.17","12,287.57","12,341.09","12,284.69","46.41M","0.23%"
"04/19/2022","12,281.42","12,363.54","12,383.67","12,212.13","43.81M","-1.55%"
"04/14/2022","12,475.08","12,384.47","12,496.97","12,375.71","42.24M","0.78%"
"04/13/2022","12,378.68","12,364.48","12,394.89","12,315.77","35.96M","0.00%"
"04/12/2022","12,378.87","12,402.65","12,433.97","12,337.05","47.61M","-1.20%"
"04/11/2022","12,528.61","12,514.77","12,569.97","12,463.22","53.10M","0.17%"
"04/08/2022","12,507.69","12,488.92","12,507.69","12,422.51","45.45M","1.09%"
"04/07/2022","12,372.46","12,392.89","12,472.08","12,353.28","47.64M","0.42%"
"04/06/2022","12,320.10","12,375.84","12,395.89","12,247.46","50.01M","-0.46%"
"04/05/2022","12,376.97","12,353.52","12,380.57","12,300.17","43.81M","0.29%"
"04/04/2022","12,340.87","12,263.14","12,340.87","12,211.81","37.40M","1.33%"
"04/01/2022","12,179.08","12,157.17","12,212.62","12,136.05","34.75M","0.14%"
"03/31/2022","12,161.53","12,293.06","12,300.67","12,161.53","51.01M","-0.67%"
"03/30/2022","12,243.73","12,268.66","12,327.95","12,225.21","44.52M","-0.66%"
"03/29/2022","12,325.58","12,234.11","12,388.79","12,198.04","55.82M","1.40%"
"03/28/2022","12,155.95","12,159.07","12,264.93","12,151.24","44.34M","0.28%"
"03/25/2022","12,121.67","12,136.22","12,169.14","12,072.06","29.42M","-0.08%"
"03/24/2022","12,131.45","12,108.85","12,147.96","12,069.10","40.18M","0.26%"
"03/23/2022","12,099.50","12,212.60","12,243.60","12,096.45","34.59M","-0.85%"
"03/22/2022","12,202.62","12,161.11","12,232.17","12,101.35","39.18M","0.26%"
"03/21/2022","12,171.28","12,164.44","12,202.29","12,110.59","40.96M","-0.11%"
"03/18/2022","12,184.99","12,075.84","12,184.99","11,997.60","116.92M","1.02%"
"03/17/2022","12,061.87","11,926.61","12,061.87","11,889.28","57.51M","1.35%"
"03/16/2022","11,900.96","11,832.57","11,980.32","11,821.97","65.91M","1.87%"
"03/15/2022","11,682.22","11,599.48","11,702.60","11,510.49","52.96M","0.03%"
"03/14/2022","11,678.94","11,514.31","11,697.42","11,494.99","54.50M","1.59%"
"03/11/2022","11,495.69","11,444.04","11,674.05","11,381.68","66.68M","0.92%"
"03/10/2022","11,391.10","11,517.18","11,546.32","11,388.73","63.39M","-0.89%"
"03/09/2022","11,493.36","11,175.89","11,493.36","11,164.63","90.78M","3.95%"
"03/08/2022","11,057.06","11,116.96","11,370.88","10,958.53","96.81M","-1.32%"
"03/07/2022","11,204.67","11,154.33","11,299.93","10,871.24","97.19M","-0.84%"
"03/04/2022","11,300.13","11,592.76","11,609.53","11,291.84","90.56M","-3.22%"
"03/03/2022","11,675.70","11,838.93","11,878.13","11,658.83","57.69M","-1.65%"
"03/02/2022","11,871.59","11,784.86","11,906.75","11,668.96","76.00M","0.08%"
"03/01/2022","11,862.28","11,987.44","12,021.72","11,789.75","72.01M","-1.04%"
"02/28/2022","11,986.78","11,857.86","11,989.95","11,842.76","75.29M","0.00%"
"02/25/2022","11,987.31","11,672.02","11,995.96","11,665.29","72.14M","3.01%"
"02/24/2022","11,636.76","11,641.66","11,736.23","11,480.76","87.80M","-2.56%"
"02/23/2022","11,941.89","11,988.80","12,125.16","11,941.89","38.25M","-0.15%"
"02/22/2022","11,959.39","11,695.18","11,979.46","11,687.56","53.59M","0.57%"
"02/21/2022","11,891.88","12,055.72","12,095.22","11,852.99","46.65M","-0.98%"
"02/18/2022","12,010.09","12,100.17","12,157.62","11,981.06","45.66M","-0.54%"
"02/17/2022","12,075.27","12,184.84","12,197.86","12,032.73","41.36M","-0.95%"
"02/16/2022","12,191.57","12,212.68","12,268.67","12,166.10","34.61M","0.08%"
"02/15/2022","12,181.86","12,016.07","12,210.60","12,016.07","44.58M","1.29%"
"02/14/2022","12,026.37","12,050.21","12,088.22","11,924.55","56.32M","-1.68%"
"02/11/2022","12,231.97","12,220.87","12,291.65","12,186.25","47.52M","-0.66%"
"02/10/2022","12,313.16","12,377.52","12,391.41","12,279.60","81.14M","-0.44%"
"02/09/2022","12,367.82","12,260.35","12,422.95","12,259.84","46.25M","1.75%"
"02/08/2022","12,155.66","12,218.41","12,256.56","12,131.52","41.80M","-0.31%"
"02/07/2022","12,193.81","12,193.38","12,214.34","12,110.40","38.83M","0.44%"
"02/04/2022","12,140.25","12,289.89","12,305.79","12,121.62","41.37M","-0.77%"
"02/03/2022","12,234.15","12,269.92","12,349.31","12,205.05","49.18M","-1.02%"
"02/02/2022","12,360.37","12,337.52","12,414.42","12,324.92","56.34M","0.00%"
"02/01/2022","12,359.80","12,338.54","12,408.80","12,304.83","57.51M","1.09%"
"01/31/2022","12,226.70","12,201.89","12,291.90","12,175.78","46.86M","1.01%"
"01/28/2022","12,104.44","12,154.76","12,166.87","11,958.69","44.82M","-0.60%"
"01/27/2022","12,176.90","11,924.66","12,205.25","11,917.71","47.70M","0.65%"
"01/26/2022","12,098.26","12,053.18","12,161.21","12,042.45","46.06M","1.28%"
"01/25/2022","11,945.69","11,914.33","11,996.17","11,867.78","59.88M","0.54%"
"01/24/2022","11,881.30","12,292.63","12,304.21","11,878.27","78.44M","-3.84%"
"01/21/2022","12,355.54","12,433.29","12,467.02","12,304.02","56.61M","-1.63%"
"01/20/2022","12,560.70","12,510.03","12,575.39","12,449.19","33.59M","0.28%"
"01/19/2022","12,525.69","12,465.28","12,570.06","12,448.44","41.89M","-0.03%"
"01/18/2022","12,529.56","12,556.14","12,562.00","12,484.44","38.85M","-0.82%"
"01/17/2022","12,633.21","12,560.92","12,657.57","12,547.01","33.57M","0.86%"
"01/14/2022","12,525.63","12,512.30","12,596.43","12,506.58","35.25M","-0.75%"
"01/13/2022","12,620.44","12,626.51","12,662.45","12,589.46","35.18M","-0.39%"
"01/12/2022","12,670.47","12,737.89","12,740.61","12,629.38","38.97M","-0.31%"
"01/11/2022","12,709.71","12,740.60","12,772.63","12,691.30","45.52M","0.89%"
"01/10/2022","12,597.35","12,802.76","12,811.17","12,560.70","50.02M","-1.57%"
"01/07/2022","12,797.94","12,754.41","12,821.44","12,715.49","42.71M","0.04%"
"01/06/2022","12,792.28","12,754.51","12,816.12","12,728.44","40.33M","-0.88%"
"01/05/2022","12,906.37","12,868.00","12,906.37","12,825.90","33.32M","0.04%"
"01/04/2022","12,900.97","12,977.59","12,979.76","12,884.48","38.72M","-0.30%"
"01/03/2022","12,939.17","12,934.42","12,997.15","12,905.53","30.07M","0.49%"